Transaction_ID,Customer_ID,Date,Location,Transaction_Type,Card_Type,Merchant_Category,Amount,Is_Fraud
1,10051,2025-01-01 00:00:00,Mumbai,Online,Debit,Travel,671.29,0
2,10092,2025-01-01 01:00:00,Hyderabad,ATM,Credit,Food,46635.99,0
3,10014,2025-01-01 02:00:00,Bangalore,ATM,Debit,Grocery,57159.11,0
4,10071,2025-01-01 03:00:00,Delhi,POS,Debit,Electronics,30472.62,0
5,10060,2025-01-01 04:00:00,Mumbai,ATM,Debit,Electronics,31878.63,0
6,10020,2025-01-01 05:00:00,Hyderabad,POS,Debit,Food,96119.83,0
7,10082,2025-01-01 06:00:00,Chennai,POS,Debit,Grocery,89181.92,0
8,10086,2025-01-01 07:00:00,Bangalore,POS,Credit,Fashion,84932.98,0
9,10074,2025-01-01 08:00:00,Mumbai,POS,Credit,Travel,40660.58,0
10,10074,2025-01-01 09:00:00,Mumbai,Online,Credit,Grocery,1468.49,0
11,10087,2025-01-01 10:00:00,Delhi,POS,Debit,Electronics,8114.2,0
12,10099,2025-01-01 11:00:00,Delhi,ATM,Credit,Food,31288.42,0
13,10023,2025-01-01 12:00:00,Chennai,Online,Credit,Food,1672.72,0
14,10002,2025-01-01 13:00:00,Chennai,ATM,Credit,Travel,1813.26,0
15,10021,2025-01-01 14:00:00,Hyderabad,Online,Credit,Food,91668.67,1
16,10052,2025-01-01 15:00:00,Hyderabad,POS,Credit,Food,70645.23,0
17,10001,2025-01-01 16:00:00,Chennai,Online,Debit,Grocery,30964.7,0
18,10087,2025-01-01 17:00:00,Chennai,Online,Credit,Fashion,13351.19,0
19,10029,2025-01-01 18:00:00,Bangalore,ATM,Debit,Travel,51212.41,0
20,10037,2025-01-01 19:00:00,Delhi,ATM,Debit,Grocery,634.08,0
21,10001,2025-01-01 20:00:00,Hyderabad,POS,Debit,Fashion,93847.53,0
22,10063,2025-01-01 21:00:00,Delhi,Online,Debit,Grocery,41540.03,0
23,10059,2025-01-01 22:00:00,Delhi,Online,Debit,Grocery,40293.26,0
24,10020,2025-01-01 23:00:00,Chennai,Online,Credit,Food,39120.3,0
25,10032,2025-01-02 00:00:00,Bangalore,POS,Credit,Fashion,7025.9,0
26,10075,2025-01-02 01:00:00,Mumbai,POS,Credit,Travel,63868.39,0
27,10057,2025-01-02 02:00:00,Bangalore,POS,Debit,Travel,73327.06,0
28,10021,2025-01-02 03:00:00,Bangalore,POS,Credit,Fashion,67644.93,0
29,10088,2025-01-02 04:00:00,Delhi,POS,Credit,Food,13929.71,0
30,10048,2025-01-02 05:00:00,Bangalore,ATM,Debit,Electronics,57926.13,0
31,10090,2025-01-02 06:00:00,Hyderabad,Online,Debit,Grocery,56991.5,1
32,10058,2025-01-02 07:00:00,Delhi,Online,Debit,Food,86854.24,1
33,10041,2025-01-02 08:00:00,Hyderabad,Online,Debit,Fashion,37974.85,0
34,10091,2025-01-02 09:00:00,Mumbai,Online,Credit,Grocery,37211.45,0
35,10059,2025-01-02 10:00:00,Delhi,Online,Debit,Travel,61890.85,1
36,10079,2025-01-02 11:00:00,Mumbai,Online,Debit,Electronics,63343.96,1
37,10014,2025-01-02 12:00:00,Delhi,Online,Credit,Travel,46981.59,0
38,10061,2025-01-02 13:00:00,Chennai,Online,Credit,Fashion,44361.63,0
39,10061,2025-01-02 14:00:00,Bangalore,ATM,Debit,Grocery,49465.35,0
40,10046,2025-01-02 15:00:00,Chennai,Online,Credit,Fashion,86118.43,1
41,10061,2025-01-02 16:00:00,Mumbai,ATM,Debit,Grocery,46170.57,0
42,10050,2025-01-02 17:00:00,Bangalore,POS,Debit,Food,93999.19,0
43,10054,2025-01-02 18:00:00,Delhi,Online,Credit,Electronics,50449.98,1
44,10063,2025-01-02 19:00:00,Bangalore,POS,Credit,Food,94925.15,0
45,10002,2025-01-02 20:00:00,Hyderabad,POS,Debit,Food,83299.91,0
46,10050,2025-01-02 21:00:00,Bangalore,POS,Debit,Fashion,36306.89,0
47,10006,2025-01-02 22:00:00,Hyderabad,ATM,Debit,Electronics,86377.78,0
48,10020,2025-01-02 23:00:00,Bangalore,POS,Credit,Grocery,11095.32,0
49,10072,2025-01-03 00:00:00,Hyderabad,POS,Debit,Grocery,92512.21,0
50,10038,2025-01-03 01:00:00,Mumbai,POS,Debit,Travel,63201.19,0
51,10017,2025-01-03 02:00:00,Chennai,Online,Debit,Grocery,5533.64,0
52,10003,2025-01-03 03:00:00,Delhi,Online,Debit,Fashion,64461.25,1
53,10088,2025-01-03 04:00:00,Bangalore,ATM,Debit,Food,97427.34,0
54,10059,2025-01-03 05:00:00,Chennai,ATM,Credit,Food,7073.09,0
55,10013,2025-01-03 06:00:00,Delhi,Online,Debit,Food,55513.3,1
56,10008,2025-01-03 07:00:00,Delhi,ATM,Debit,Electronics,74804.66,0
57,10089,2025-01-03 08:00:00,Hyderabad,Online,Debit,Grocery,81044.83,1
58,10052,2025-01-03 09:00:00,Mumbai,POS,Debit,Fashion,41441.36,0
59,10001,2025-01-03 10:00:00,Mumbai,POS,Credit,Electronics,20496.24,0
60,10083,2025-01-03 11:00:00,Chennai,ATM,Credit,Travel,4329.99,0
61,10091,2025-01-03 12:00:00,Mumbai,Online,Credit,Fashion,58014.64,1
62,10059,2025-01-03 13:00:00,Bangalore,Online,Debit,Fashion,45345.82,0
63,10070,2025-01-03 14:00:00,Mumbai,ATM,Debit,Fashion,94879.57,0
64,10043,2025-01-03 15:00:00,Chennai,Online,Credit,Food,6154.43,0
65,10007,2025-01-03 16:00:00,Mumbai,POS,Credit,Fashion,68570.99,0
66,10046,2025-01-03 17:00:00,Bangalore,ATM,Credit,Grocery,2594.13,0
67,10034,2025-01-03 18:00:00,Hyderabad,ATM,Debit,Fashion,17226.27,0
68,10077,2025-01-03 19:00:00,Chennai,Online,Debit,Food,45412.54,0
69,10080,2025-01-03 20:00:00,Hyderabad,ATM,Credit,Fashion,45541.76,0
70,10035,2025-01-03 21:00:00,Hyderabad,Online,Credit,Travel,68601.48,1
71,10049,2025-01-03 22:00:00,Hyderabad,Online,Credit,Travel,91030.28,1
72,10003,2025-01-03 23:00:00,Delhi,Online,Debit,Food,63939.31,1
73,10001,2025-01-04 00:00:00,Delhi,Online,Debit,Grocery,95358.16,1
74,10005,2025-01-04 01:00:00,Hyderabad,Online,Debit,Grocery,88173.4,1
75,10053,2025-01-04 02:00:00,Chennai,ATM,Credit,Electronics,58491.53,0
76,10003,2025-01-04 03:00:00,Bangalore,POS,Credit,Food,83395.82,0
77,10053,2025-01-04 04:00:00,Bangalore,POS,Debit,Fashion,64293.5,0
78,10092,2025-01-04 05:00:00,Mumbai,ATM,Credit,Food,7947.93,0
79,10062,2025-01-04 06:00:00,Chennai,ATM,Debit,Electronics,74082.42,0
80,10017,2025-01-04 07:00:00,Delhi,POS,Credit,Food,9581.35,0
81,10089,2025-01-04 08:00:00,Hyderabad,POS,Credit,Food,59448.87,0
82,10043,2025-01-04 09:00:00,Mumbai,POS,Credit,Electronics,70293.76,0
83,10033,2025-01-04 10:00:00,Bangalore,POS,Credit,Grocery,6746.11,0
84,10073,2025-01-04 11:00:00,Delhi,POS,Debit,Fashion,23156.39,0
85,10061,2025-01-04 12:00:00,Delhi,Online,Credit,Electronics,91575.66,1
86,10099,2025-01-04 13:00:00,Hyderabad,ATM,Debit,Travel,61669.82,0
87,10013,2025-01-04 14:00:00,Bangalore,Online,Debit,Grocery,24703.97,0
88,10094,2025-01-04 15:00:00,Chennai,POS,Debit,Travel,69098.91,0
89,10047,2025-01-04 16:00:00,Delhi,POS,Credit,Grocery,59717.96,0
90,10014,2025-01-04 17:00:00,Hyderabad,POS,Debit,Fashion,50207.41,0
91,10071,2025-01-04 18:00:00,Chennai,Online,Debit,Fashion,97621.08,1
92,10077,2025-01-04 19:00:00,Bangalore,Online,Debit,Food,68377.03,1
93,10086,2025-01-04 20:00:00,Delhi,POS,Credit,Travel,37606.57,0
94,10061,2025-01-04 21:00:00,Chennai,Online,Credit,Grocery,80027.34,1
95,10039,2025-01-04 22:00:00,Chennai,Online,Debit,Fashion,88469.87,1
96,10084,2025-01-04 23:00:00,Chennai,POS,Credit,Electronics,12609.53,0
97,10079,2025-01-05 00:00:00,Delhi,Online,Debit,Fashion,20135.24,0
98,10081,2025-01-05 01:00:00,Delhi,ATM,Debit,Electronics,21701.08,0
99,10052,2025-01-05 02:00:00,Mumbai,ATM,Credit,Grocery,69152.06,0
100,10023,2025-01-05 03:00:00,Bangalore,ATM,Debit,Fashion,60343.65,0
101,10025,2025-01-05 04:00:00,Hyderabad,ATM,Credit,Fashion,61937.26,0
102,10088,2025-01-05 05:00:00,Chennai,POS,Credit,Grocery,94083.25,0
103,10059,2025-01-05 06:00:00,Mumbai,POS,Debit,Fashion,77613.56,0
104,10040,2025-01-05 07:00:00,Hyderabad,POS,Credit,Electronics,12880.9,0
105,10028,2025-01-05 08:00:00,Mumbai,ATM,Credit,Fashion,34815.96,0
106,10014,2025-01-05 09:00:00,Delhi,ATM,Debit,Travel,43595.83,0
107,10044,2025-01-05 10:00:00,Chennai,Online,Debit,Food,39656.56,0
108,10064,2025-01-05 11:00:00,Hyderabad,Online,Credit,Electronics,66963.93,1
109,10088,2025-01-05 12:00:00,Hyderabad,ATM,Credit,Travel,89200.12,0
110,10070,2025-01-05 13:00:00,Hyderabad,ATM,Debit,Grocery,30674.54,0
111,10008,2025-01-05 14:00:00,Hyderabad,ATM,Credit,Electronics,55232.53,0
112,10087,2025-01-05 15:00:00,Hyderabad,ATM,Credit,Food,78962.0,0
113,10000,2025-01-05 16:00:00,Mumbai,Online,Credit,Food,41680.18,0
114,10007,2025-01-05 17:00:00,Chennai,ATM,Credit,Grocery,16895.0,0
115,10087,2025-01-05 18:00:00,Delhi,Online,Credit,Grocery,47547.6,0
116,10062,2025-01-05 19:00:00,Delhi,ATM,Credit,Electronics,5616.73,0
117,10010,2025-01-05 20:00:00,Delhi,ATM,Credit,Fashion,94244.11,0
118,10080,2025-01-05 21:00:00,Delhi,ATM,Debit,Grocery,7574.64,0
119,10007,2025-01-05 22:00:00,Mumbai,Online,Debit,Fashion,43901.83,0
120,10034,2025-01-05 23:00:00,Bangalore,Online,Debit,Travel,53035.14,1
121,10034,2025-01-06 00:00:00,Chennai,POS,Debit,Food,98531.85,0
122,10032,2025-01-06 01:00:00,Hyderabad,ATM,Debit,Fashion,16685.58,0
123,10004,2025-01-06 02:00:00,Bangalore,POS,Credit,Food,11531.71,0
124,10040,2025-01-06 03:00:00,Delhi,POS,Credit,Fashion,969.74,0
125,10027,2025-01-06 04:00:00,Bangalore,Online,Credit,Travel,15641.59,0
126,10006,2025-01-06 05:00:00,Chennai,Online,Credit,Grocery,20806.57,0
127,10072,2025-01-06 06:00:00,Hyderabad,POS,Debit,Travel,63095.04,0
128,10071,2025-01-06 07:00:00,Hyderabad,ATM,Credit,Grocery,22048.71,0
129,10011,2025-01-06 08:00:00,Chennai,Online,Credit,Grocery,2150.03,0
130,10033,2025-01-06 09:00:00,Chennai,ATM,Debit,Food,82679.17,0
131,10032,2025-01-06 10:00:00,Delhi,ATM,Credit,Travel,36623.01,0
132,10047,2025-01-06 11:00:00,Hyderabad,POS,Credit,Fashion,35434.3,0
133,10022,2025-01-06 12:00:00,Bangalore,POS,Debit,Travel,30317.66,0
134,10061,2025-01-06 13:00:00,Mumbai,POS,Credit,Food,97539.79,0
135,10087,2025-01-06 14:00:00,Mumbai,POS,Credit,Grocery,17094.53,0
136,10036,2025-01-06 15:00:00,Chennai,Online,Credit,Food,89833.98,1
137,10098,2025-01-06 16:00:00,Delhi,Online,Credit,Electronics,77702.65,1
138,10043,2025-01-06 17:00:00,Mumbai,POS,Credit,Electronics,7740.35,0
139,10085,2025-01-06 18:00:00,Hyderabad,Online,Debit,Fashion,98674.24,1
140,10090,2025-01-06 19:00:00,Chennai,POS,Debit,Food,27209.46,0
141,10034,2025-01-06 20:00:00,Bangalore,ATM,Debit,Fashion,9948.43,0
142,10064,2025-01-06 21:00:00,Chennai,ATM,Debit,Fashion,82948.49,0
143,10098,2025-01-06 22:00:00,Bangalore,ATM,Debit,Electronics,70696.89,0
144,10046,2025-01-06 23:00:00,Chennai,POS,Debit,Fashion,61760.16,0
145,10077,2025-01-07 00:00:00,Chennai,ATM,Credit,Electronics,15682.49,0
146,10002,2025-01-07 01:00:00,Chennai,Online,Debit,Grocery,47901.76,0
147,10000,2025-01-07 02:00:00,Bangalore,ATM,Debit,Food,78077.55,0
148,10004,2025-01-07 03:00:00,Bangalore,ATM,Credit,Fashion,30432.03,0
149,10089,2025-01-07 04:00:00,Chennai,ATM,Credit,Electronics,31237.81,0
150,10013,2025-01-07 05:00:00,Mumbai,Online,Debit,Travel,413.78,0
151,10026,2025-01-07 06:00:00,Delhi,POS,Credit,Fashion,17506.92,0
152,10008,2025-01-07 07:00:00,Delhi,Online,Debit,Grocery,87553.02,1
153,10078,2025-01-07 08:00:00,Delhi,POS,Credit,Grocery,44230.47,0
154,10014,2025-01-07 09:00:00,Bangalore,POS,Debit,Travel,98425.03,0
155,10089,2025-01-07 10:00:00,Bangalore,ATM,Credit,Electronics,39631.23,0
156,10041,2025-01-07 11:00:00,Mumbai,POS,Credit,Fashion,71547.13,0
157,10076,2025-01-07 12:00:00,Delhi,Online,Debit,Electronics,28263.71,0
158,10050,2025-01-07 13:00:00,Delhi,Online,Debit,Grocery,36444.58,0
159,10062,2025-01-07 14:00:00,Chennai,POS,Debit,Electronics,19153.53,0
160,10095,2025-01-07 15:00:00,Bangalore,ATM,Debit,Grocery,34771.53,0
161,10051,2025-01-07 16:00:00,Delhi,ATM,Debit,Electronics,54769.03,0
162,10095,2025-01-07 17:00:00,Mumbai,Online,Credit,Travel,99178.11,1
163,10003,2025-01-07 18:00:00,Mumbai,ATM,Debit,Food,66453.75,0
164,10093,2025-01-07 19:00:00,Delhi,POS,Debit,Travel,20004.67,0
165,10022,2025-01-07 20:00:00,Bangalore,POS,Credit,Travel,4591.65,0
166,10014,2025-01-07 21:00:00,Mumbai,Online,Credit,Food,12723.01,0
167,10042,2025-01-07 22:00:00,Chennai,POS,Debit,Food,56299.26,0
168,10028,2025-01-07 23:00:00,Mumbai,Online,Credit,Fashion,76539.52,1
169,10035,2025-01-08 00:00:00,Hyderabad,POS,Credit,Fashion,94047.88,0
170,10012,2025-01-08 01:00:00,Hyderabad,Online,Debit,Travel,1680.73,0
171,10031,2025-01-08 02:00:00,Bangalore,ATM,Credit,Travel,52323.74,0
172,10070,2025-01-08 03:00:00,Delhi,POS,Credit,Grocery,47139.65,0
173,10058,2025-01-08 04:00:00,Bangalore,POS,Debit,Grocery,65639.9,0
174,10085,2025-01-08 05:00:00,Bangalore,Online,Debit,Fashion,56001.93,1
175,10027,2025-01-08 06:00:00,Bangalore,Online,Credit,Fashion,68735.21,1
176,10065,2025-01-08 07:00:00,Bangalore,POS,Credit,Grocery,65842.45,0
177,10041,2025-01-08 08:00:00,Chennai,Online,Debit,Grocery,11789.47,0
178,10044,2025-01-08 09:00:00,Chennai,POS,Credit,Electronics,79991.82,0
179,10061,2025-01-08 10:00:00,Mumbai,ATM,Credit,Electronics,12410.93,0
180,10056,2025-01-08 11:00:00,Hyderabad,Online,Credit,Grocery,69883.21,1
181,10005,2025-01-08 12:00:00,Bangalore,POS,Debit,Electronics,41672.92,0
182,10027,2025-01-08 13:00:00,Mumbai,ATM,Credit,Food,51433.69,0
183,10027,2025-01-08 14:00:00,Hyderabad,ATM,Credit,Fashion,90339.47,0
184,10043,2025-01-08 15:00:00,Delhi,POS,Debit,Fashion,88999.38,0
185,10083,2025-01-08 16:00:00,Chennai,Online,Credit,Grocery,81803.84,1
186,10029,2025-01-08 17:00:00,Hyderabad,POS,Credit,Travel,51063.82,0
187,10061,2025-01-08 18:00:00,Delhi,ATM,Debit,Grocery,73650.36,0
188,10074,2025-01-08 19:00:00,Hyderabad,POS,Debit,Electronics,51338.42,0
189,10091,2025-01-08 20:00:00,Chennai,Online,Debit,Travel,86973.65,1
190,10088,2025-01-08 21:00:00,Chennai,ATM,Debit,Electronics,40337.31,0
191,10061,2025-01-08 22:00:00,Mumbai,POS,Credit,Food,97026.51,0
192,10096,2025-01-08 23:00:00,Bangalore,Online,Credit,Electronics,93239.04,1
193,10000,2025-01-09 00:00:00,Hyderabad,ATM,Debit,Food,74186.1,0
194,10026,2025-01-09 01:00:00,Hyderabad,Online,Debit,Food,28013.65,0
195,10061,2025-01-09 02:00:00,Delhi,ATM,Credit,Electronics,13252.19,0
196,10076,2025-01-09 03:00:00,Chennai,POS,Debit,Electronics,85484.87,0
197,10002,2025-01-09 04:00:00,Hyderabad,Online,Credit,Food,16613.7,0
198,10069,2025-01-09 05:00:00,Chennai,ATM,Debit,Travel,85440.65,0
199,10071,2025-01-09 06:00:00,Hyderabad,Online,Credit,Food,49127.42,0
200,10026,2025-01-09 07:00:00,Mumbai,Online,Debit,Fashion,40715.02,0
201,10008,2025-01-09 08:00:00,Bangalore,POS,Debit,Food,90328.76,0
202,10061,2025-01-09 09:00:00,Hyderabad,Online,Credit,Travel,60424.71,1
203,10036,2025-01-09 10:00:00,Chennai,ATM,Debit,Fashion,57703.74,0
204,10096,2025-01-09 11:00:00,Mumbai,ATM,Credit,Grocery,55920.72,0
205,10050,2025-01-09 12:00:00,Hyderabad,ATM,Credit,Grocery,37179.83,0
206,10043,2025-01-09 13:00:00,Delhi,ATM,Credit,Travel,78585.75,0
207,10023,2025-01-09 14:00:00,Bangalore,POS,Credit,Food,25354.56,0
208,10078,2025-01-09 15:00:00,Hyderabad,Online,Credit,Electronics,93895.61,1
209,10058,2025-01-09 16:00:00,Mumbai,POS,Debit,Travel,89409.12,0
210,10031,2025-01-09 17:00:00,Delhi,Online,Debit,Fashion,33814.28,0
211,10095,2025-01-09 18:00:00,Mumbai,Online,Credit,Fashion,72973.43,1
212,10087,2025-01-09 19:00:00,Mumbai,Online,Debit,Grocery,57365.0,1
213,10051,2025-01-09 20:00:00,Delhi,POS,Credit,Fashion,33831.17,0
214,10061,2025-01-09 21:00:00,Mumbai,Online,Debit,Travel,98853.31,1
215,10057,2025-01-09 22:00:00,Delhi,POS,Debit,Fashion,2621.21,0
216,10051,2025-01-09 23:00:00,Hyderabad,ATM,Debit,Travel,25339.34,0
217,10011,2025-01-10 00:00:00,Delhi,ATM,Debit,Electronics,52055.4,0
218,10038,2025-01-10 01:00:00,Delhi,Online,Credit,Grocery,52243.11,1
219,10001,2025-01-10 02:00:00,Bangalore,POS,Credit,Fashion,58934.41,0
220,10002,2025-01-10 03:00:00,Delhi,ATM,Debit,Travel,75192.45,0
221,10055,2025-01-10 04:00:00,Delhi,POS,Debit,Food,62385.44,0
222,10080,2025-01-10 05:00:00,Hyderabad,POS,Credit,Grocery,60068.12,0
223,10058,2025-01-10 06:00:00,Bangalore,Online,Debit,Electronics,5446.09,0
224,10001,2025-01-10 07:00:00,Chennai,ATM,Credit,Travel,37715.38,0
225,10001,2025-01-10 08:00:00,Hyderabad,Online,Credit,Electronics,23282.37,0
226,10091,2025-01-10 09:00:00,Hyderabad,Online,Credit,Electronics,26610.47,0
227,10053,2025-01-10 10:00:00,Chennai,ATM,Debit,Fashion,55478.31,0
228,10086,2025-01-10 11:00:00,Delhi,ATM,Credit,Fashion,20030.58,0
229,10095,2025-01-10 12:00:00,Mumbai,POS,Debit,Travel,29465.52,0
230,10096,2025-01-10 13:00:00,Bangalore,ATM,Credit,Food,23784.76,0
231,10000,2025-01-10 14:00:00,Mumbai,POS,Debit,Travel,94855.44,0
232,10018,2025-01-10 15:00:00,Chennai,POS,Debit,Food,94472.11,0
233,10001,2025-01-10 16:00:00,Hyderabad,POS,Debit,Electronics,61033.16,0
234,10052,2025-01-10 17:00:00,Hyderabad,ATM,Credit,Grocery,92459.79,0
235,10043,2025-01-10 18:00:00,Bangalore,Online,Credit,Travel,78602.68,1
236,10089,2025-01-10 19:00:00,Hyderabad,POS,Debit,Travel,59035.79,0
237,10031,2025-01-10 20:00:00,Hyderabad,Online,Debit,Food,742.88,0
238,10069,2025-01-10 21:00:00,Bangalore,Online,Debit,Electronics,77274.38,1
239,10031,2025-01-10 22:00:00,Bangalore,ATM,Credit,Electronics,70278.59,0
240,10067,2025-01-10 23:00:00,Chennai,Online,Credit,Food,61563.84,1
241,10054,2025-01-11 00:00:00,Hyderabad,Online,Credit,Electronics,76066.39,1
242,10074,2025-01-11 01:00:00,Hyderabad,ATM,Credit,Fashion,51340.92,0
243,10055,2025-01-11 02:00:00,Chennai,POS,Debit,Grocery,70437.92,0
244,10016,2025-01-11 03:00:00,Delhi,Online,Debit,Travel,93523.69,1
245,10037,2025-01-11 04:00:00,Delhi,ATM,Credit,Grocery,37642.92,0
246,10023,2025-01-11 05:00:00,Delhi,Online,Credit,Travel,70841.37,1
247,10068,2025-01-11 06:00:00,Chennai,Online,Debit,Fashion,47621.21,0
248,10097,2025-01-11 07:00:00,Hyderabad,POS,Credit,Electronics,67472.53,0
249,10069,2025-01-11 08:00:00,Chennai,Online,Credit,Food,76313.04,1
250,10085,2025-01-11 09:00:00,Chennai,ATM,Credit,Fashion,4640.7,0
251,10010,2025-01-11 10:00:00,Delhi,Online,Credit,Grocery,64695.38,1
252,10015,2025-01-11 11:00:00,Mumbai,POS,Credit,Food,22751.44,0
253,10096,2025-01-11 12:00:00,Hyderabad,POS,Credit,Electronics,67036.25,0
254,10072,2025-01-11 13:00:00,Delhi,ATM,Debit,Fashion,46886.19,0
255,10058,2025-01-11 14:00:00,Mumbai,POS,Credit,Food,77377.92,0
256,10069,2025-01-11 15:00:00,Mumbai,Online,Credit,Fashion,12427.74,0
257,10079,2025-01-11 16:00:00,Bangalore,POS,Debit,Fashion,62669.6,0
258,10092,2025-01-11 17:00:00,Hyderabad,ATM,Debit,Electronics,27919.23,0
259,10002,2025-01-11 18:00:00,Mumbai,POS,Debit,Travel,85312.9,0
260,10019,2025-01-11 19:00:00,Delhi,POS,Credit,Food,92845.51,0
261,10058,2025-01-11 20:00:00,Bangalore,POS,Debit,Electronics,99640.19,0
262,10035,2025-01-11 21:00:00,Hyderabad,ATM,Credit,Fashion,79621.14,0
263,10018,2025-01-11 22:00:00,Chennai,POS,Credit,Electronics,75398.03,0
264,10089,2025-01-11 23:00:00,Delhi,POS,Credit,Travel,21628.53,0
265,10066,2025-01-12 00:00:00,Mumbai,Online,Debit,Food,33667.11,0
266,10018,2025-01-12 01:00:00,Mumbai,ATM,Debit,Travel,46621.69,0
267,10019,2025-01-12 02:00:00,Delhi,POS,Debit,Grocery,77360.77,0
268,10095,2025-01-12 03:00:00,Mumbai,ATM,Debit,Food,91505.09,0
269,10070,2025-01-12 04:00:00,Bangalore,POS,Debit,Travel,18995.0,0
270,10051,2025-01-12 05:00:00,Hyderabad,POS,Credit,Fashion,92244.51,0
271,10032,2025-01-12 06:00:00,Bangalore,POS,Credit,Food,69592.9,0
272,10039,2025-01-12 07:00:00,Mumbai,Online,Credit,Food,61116.0,1
273,10038,2025-01-12 08:00:00,Chennai,Online,Credit,Electronics,20064.14,0
274,10081,2025-01-12 09:00:00,Hyderabad,Online,Debit,Fashion,5646.95,0
275,10000,2025-01-12 10:00:00,Hyderabad,ATM,Debit,Grocery,56889.64,0
276,10010,2025-01-12 11:00:00,Delhi,ATM,Credit,Travel,65186.42,0
277,10091,2025-01-12 12:00:00,Delhi,Online,Debit,Electronics,21157.07,0
278,10056,2025-01-12 13:00:00,Chennai,ATM,Debit,Travel,55689.97,0
279,10088,2025-01-12 14:00:00,Hyderabad,POS,Credit,Grocery,85663.69,0
280,10049,2025-01-12 15:00:00,Chennai,POS,Credit,Grocery,83523.09,0
281,10022,2025-01-12 16:00:00,Delhi,POS,Debit,Food,92742.78,0
282,10030,2025-01-12 17:00:00,Delhi,Online,Debit,Grocery,36651.99,0
283,10093,2025-01-12 18:00:00,Hyderabad,ATM,Credit,Travel,31873.15,0
284,10041,2025-01-12 19:00:00,Bangalore,Online,Credit,Fashion,74967.66,1
285,10098,2025-01-12 20:00:00,Mumbai,ATM,Credit,Fashion,43168.13,0
286,10006,2025-01-12 21:00:00,Delhi,POS,Debit,Food,8846.11,0
287,10015,2025-01-12 22:00:00,Delhi,Online,Credit,Travel,28351.83,0
288,10089,2025-01-12 23:00:00,Bangalore,ATM,Credit,Travel,41916.37,0
289,10059,2025-01-13 00:00:00,Bangalore,ATM,Debit,Grocery,29322.39,0
290,10001,2025-01-13 01:00:00,Chennai,POS,Debit,Travel,33287.34,0
291,10000,2025-01-13 02:00:00,Chennai,Online,Debit,Electronics,29448.21,0
292,10047,2025-01-13 03:00:00,Mumbai,Online,Debit,Grocery,4245.77,0
293,10011,2025-01-13 04:00:00,Mumbai,Online,Debit,Electronics,63745.76,1
294,10068,2025-01-13 05:00:00,Hyderabad,POS,Credit,Food,59769.51,0
295,10036,2025-01-13 06:00:00,Chennai,Online,Credit,Fashion,65373.01,1
296,10031,2025-01-13 07:00:00,Delhi,POS,Debit,Food,19311.76,0
297,10008,2025-01-13 08:00:00,Chennai,POS,Debit,Fashion,29635.89,0
298,10098,2025-01-13 09:00:00,Delhi,POS,Debit,Food,61999.63,0
299,10018,2025-01-13 10:00:00,Bangalore,ATM,Debit,Travel,60002.79,0
300,10047,2025-01-13 11:00:00,Chennai,Online,Debit,Electronics,50682.4,1
301,10079,2025-01-13 12:00:00,Bangalore,Online,Credit,Fashion,35106.28,0
302,10002,2025-01-13 13:00:00,Mumbai,POS,Credit,Grocery,91301.81,0
303,10019,2025-01-13 14:00:00,Mumbai,POS,Credit,Electronics,34043.05,0
304,10023,2025-01-13 15:00:00,Hyderabad,Online,Credit,Grocery,45616.35,0
305,10053,2025-01-13 16:00:00,Chennai,POS,Debit,Electronics,67843.57,0
306,10032,2025-01-13 17:00:00,Bangalore,Online,Credit,Electronics,54347.84,1
307,10023,2025-01-13 18:00:00,Delhi,ATM,Debit,Food,34753.91,0
308,10074,2025-01-13 19:00:00,Mumbai,POS,Debit,Fashion,43620.91,0
309,10071,2025-01-13 20:00:00,Mumbai,Online,Debit,Fashion,79468.63,1
310,10035,2025-01-13 21:00:00,Delhi,POS,Credit,Electronics,27885.1,0
311,10037,2025-01-13 22:00:00,Bangalore,Online,Debit,Travel,14311.3,0
312,10083,2025-01-13 23:00:00,Bangalore,Online,Credit,Travel,31385.0,0
313,10098,2025-01-14 00:00:00,Chennai,POS,Credit,Grocery,84968.47,0
314,10088,2025-01-14 01:00:00,Chennai,ATM,Debit,Grocery,8990.07,0
315,10098,2025-01-14 02:00:00,Hyderabad,Online,Debit,Food,99170.44,1
316,10024,2025-01-14 03:00:00,Mumbai,Online,Debit,Electronics,54146.19,1
317,10092,2025-01-14 04:00:00,Chennai,Online,Credit,Grocery,98486.09,1
318,10017,2025-01-14 05:00:00,Bangalore,ATM,Debit,Grocery,93905.74,0
319,10081,2025-01-14 06:00:00,Delhi,ATM,Credit,Electronics,45336.09,0
320,10065,2025-01-14 07:00:00,Bangalore,POS,Debit,Food,19929.26,0
321,10053,2025-01-14 08:00:00,Mumbai,ATM,Debit,Grocery,16571.99,0
322,10034,2025-01-14 09:00:00,Bangalore,POS,Credit,Food,24074.94,0
323,10079,2025-01-14 10:00:00,Hyderabad,POS,Credit,Fashion,71042.25,0
324,10060,2025-01-14 11:00:00,Mumbai,ATM,Credit,Food,27367.7,0
325,10040,2025-01-14 12:00:00,Delhi,POS,Credit,Travel,34208.38,0
326,10099,2025-01-14 13:00:00,Hyderabad,ATM,Credit,Travel,44933.0,0
327,10032,2025-01-14 14:00:00,Mumbai,POS,Credit,Food,91331.94,0
328,10067,2025-01-14 15:00:00,Delhi,ATM,Debit,Travel,19020.4,0
329,10032,2025-01-14 16:00:00,Hyderabad,ATM,Debit,Fashion,602.15,0
330,10013,2025-01-14 17:00:00,Hyderabad,POS,Credit,Electronics,6103.63,0
331,10020,2025-01-14 18:00:00,Mumbai,Online,Debit,Travel,90486.16,1
332,10047,2025-01-14 19:00:00,Chennai,POS,Credit,Travel,64786.89,0
333,10019,2025-01-14 20:00:00,Hyderabad,ATM,Debit,Food,27376.76,0
334,10007,2025-01-14 21:00:00,Hyderabad,Online,Debit,Fashion,17801.53,0
335,10006,2025-01-14 22:00:00,Delhi,POS,Credit,Electronics,29497.25,0
336,10066,2025-01-14 23:00:00,Bangalore,POS,Credit,Food,11568.21,0
337,10016,2025-01-15 00:00:00,Mumbai,POS,Credit,Food,94159.14,0
338,10032,2025-01-15 01:00:00,Mumbai,Online,Debit,Fashion,78442.2,1
339,10047,2025-01-15 02:00:00,Chennai,ATM,Credit,Electronics,46292.88,0
340,10075,2025-01-15 03:00:00,Chennai,POS,Debit,Fashion,86509.76,0
341,10058,2025-01-15 04:00:00,Mumbai,POS,Credit,Electronics,25020.87,0
342,10085,2025-01-15 05:00:00,Chennai,POS,Debit,Fashion,71740.34,0
343,10021,2025-01-15 06:00:00,Delhi,POS,Debit,Food,85627.64,0
344,10029,2025-01-15 07:00:00,Mumbai,POS,Credit,Food,35741.19,0
345,10037,2025-01-15 08:00:00,Chennai,ATM,Debit,Grocery,75770.7,0
346,10050,2025-01-15 09:00:00,Mumbai,ATM,Debit,Travel,29577.73,0
347,10053,2025-01-15 10:00:00,Bangalore,POS,Credit,Fashion,29955.83,0
348,10007,2025-01-15 11:00:00,Hyderabad,Online,Debit,Grocery,10795.01,0
349,10026,2025-01-15 12:00:00,Mumbai,ATM,Credit,Travel,44061.8,0
350,10026,2025-01-15 13:00:00,Hyderabad,Online,Credit,Fashion,72998.22,1
351,10097,2025-01-15 14:00:00,Chennai,ATM,Credit,Electronics,94028.06,0
352,10020,2025-01-15 15:00:00,Hyderabad,POS,Credit,Travel,60419.32,0
353,10029,2025-01-15 16:00:00,Mumbai,ATM,Debit,Food,86327.24,0
354,10096,2025-01-15 17:00:00,Bangalore,POS,Debit,Grocery,82267.22,0
355,10027,2025-01-15 18:00:00,Chennai,ATM,Debit,Travel,17416.97,0
356,10063,2025-01-15 19:00:00,Mumbai,POS,Credit,Travel,48633.16,0
357,10096,2025-01-15 20:00:00,Chennai,POS,Debit,Food,11780.66,0
358,10068,2025-01-15 21:00:00,Delhi,POS,Debit,Fashion,68247.1,0
359,10060,2025-01-15 22:00:00,Hyderabad,POS,Credit,Electronics,94994.98,0
360,10047,2025-01-15 23:00:00,Delhi,Online,Credit,Food,13795.24,0
361,10018,2025-01-16 00:00:00,Mumbai,POS,Debit,Electronics,73414.92,0
362,10003,2025-01-16 01:00:00,Bangalore,Online,Credit,Fashion,63260.59,1
363,10034,2025-01-16 02:00:00,Chennai,Online,Credit,Travel,58402.14,1
364,10063,2025-01-16 03:00:00,Hyderabad,POS,Credit,Electronics,39073.01,0
365,10048,2025-01-16 04:00:00,Chennai,Online,Credit,Grocery,35577.65,0
366,10016,2025-01-16 05:00:00,Mumbai,ATM,Debit,Grocery,4620.39,0
367,10043,2025-01-16 06:00:00,Chennai,POS,Credit,Food,21869.08,0
368,10091,2025-01-16 07:00:00,Hyderabad,Online,Credit,Fashion,1616.17,0
369,10029,2025-01-16 08:00:00,Mumbai,POS,Credit,Food,58183.57,0
370,10092,2025-01-16 09:00:00,Chennai,POS,Credit,Food,10674.74,0
371,10045,2025-01-16 10:00:00,Bangalore,POS,Credit,Food,87314.64,0
372,10005,2025-01-16 11:00:00,Mumbai,Online,Credit,Grocery,52361.99,1
373,10098,2025-01-16 12:00:00,Mumbai,ATM,Credit,Grocery,69999.02,0
374,10036,2025-01-16 13:00:00,Bangalore,ATM,Credit,Food,41144.62,0
375,10023,2025-01-16 14:00:00,Delhi,Online,Debit,Grocery,56101.92,1
376,10092,2025-01-16 15:00:00,Hyderabad,POS,Credit,Fashion,94271.65,0
377,10045,2025-01-16 16:00:00,Delhi,Online,Debit,Food,8365.13,0
378,10052,2025-01-16 17:00:00,Chennai,Online,Credit,Grocery,25468.38,0
379,10094,2025-01-16 18:00:00,Bangalore,Online,Credit,Electronics,78020.83,1
380,10098,2025-01-16 19:00:00,Delhi,POS,Credit,Food,9963.85,0
381,10059,2025-01-16 20:00:00,Mumbai,Online,Credit,Food,7658.54,0
382,10096,2025-01-16 21:00:00,Chennai,POS,Debit,Fashion,36217.99,0
383,10062,2025-01-16 22:00:00,Chennai,Online,Credit,Travel,9307.58,0
384,10084,2025-01-16 23:00:00,Delhi,ATM,Credit,Travel,58549.34,0
385,10031,2025-01-17 00:00:00,Delhi,Online,Debit,Fashion,22704.9,0
386,10086,2025-01-17 01:00:00,Bangalore,Online,Debit,Fashion,89580.23,1
387,10032,2025-01-17 02:00:00,Hyderabad,ATM,Credit,Fashion,78371.66,0
388,10066,2025-01-17 03:00:00,Delhi,POS,Debit,Travel,70000.55,0
389,10017,2025-01-17 04:00:00,Delhi,POS,Debit,Fashion,61732.71,0
390,10024,2025-01-17 05:00:00,Mumbai,Online,Debit,Grocery,86360.23,1
391,10094,2025-01-17 06:00:00,Chennai,ATM,Credit,Food,22383.9,0
392,10053,2025-01-17 07:00:00,Hyderabad,POS,Credit,Food,87323.57,0
393,10057,2025-01-17 08:00:00,Mumbai,Online,Credit,Electronics,78970.28,1
394,10066,2025-01-17 09:00:00,Bangalore,ATM,Debit,Electronics,74841.27,0
395,10045,2025-01-17 10:00:00,Bangalore,POS,Credit,Food,56169.44,0
396,10023,2025-01-17 11:00:00,Delhi,POS,Debit,Grocery,24699.79,0
397,10031,2025-01-17 12:00:00,Delhi,ATM,Credit,Travel,42412.44,0
398,10046,2025-01-17 13:00:00,Bangalore,ATM,Credit,Travel,79377.71,0
399,10085,2025-01-17 14:00:00,Delhi,ATM,Debit,Grocery,3274.67,0
400,10022,2025-01-17 15:00:00,Hyderabad,ATM,Credit,Travel,78226.87,0
401,10065,2025-01-17 16:00:00,Delhi,Online,Debit,Fashion,24083.07,0
402,10026,2025-01-17 17:00:00,Chennai,ATM,Debit,Food,14516.49,0
403,10001,2025-01-17 18:00:00,Delhi,POS,Credit,Food,11658.56,0
404,10089,2025-01-17 19:00:00,Mumbai,POS,Debit,Grocery,2822.28,0
405,10016,2025-01-17 20:00:00,Hyderabad,Online,Credit,Travel,52406.29,1
406,10032,2025-01-17 21:00:00,Mumbai,POS,Credit,Electronics,21904.16,0
407,10008,2025-01-17 22:00:00,Mumbai,POS,Debit,Electronics,98944.23,0
408,10042,2025-01-17 23:00:00,Chennai,ATM,Credit,Travel,57486.23,0
409,10047,2025-01-18 00:00:00,Hyderabad,POS,Debit,Electronics,13874.74,0
410,10038,2025-01-18 01:00:00,Hyderabad,Online,Credit,Grocery,68907.38,1
411,10092,2025-01-18 02:00:00,Hyderabad,ATM,Credit,Grocery,89784.58,0
412,10041,2025-01-18 03:00:00,Hyderabad,ATM,Credit,Travel,74543.43,0
413,10025,2025-01-18 04:00:00,Hyderabad,Online,Credit,Electronics,7736.34,0
414,10098,2025-01-18 05:00:00,Chennai,ATM,Credit,Grocery,89598.83,0
415,10049,2025-01-18 06:00:00,Delhi,ATM,Debit,Grocery,79413.55,0
416,10024,2025-01-18 07:00:00,Mumbai,Online,Debit,Fashion,15914.56,0
417,10023,2025-01-18 08:00:00,Hyderabad,ATM,Debit,Fashion,5273.41,0
418,10012,2025-01-18 09:00:00,Delhi,Online,Debit,Grocery,55775.33,1
419,10059,2025-01-18 10:00:00,Delhi,Online,Debit,Travel,15687.98,0
420,10006,2025-01-18 11:00:00,Mumbai,POS,Debit,Food,83475.64,0
421,10056,2025-01-18 12:00:00,Chennai,POS,Credit,Food,35897.63,0
422,10035,2025-01-18 13:00:00,Bangalore,ATM,Credit,Grocery,91297.96,0
423,10044,2025-01-18 14:00:00,Bangalore,ATM,Debit,Grocery,56612.25,0
424,10019,2025-01-18 15:00:00,Delhi,Online,Debit,Grocery,18348.97,0
425,10064,2025-01-18 16:00:00,Mumbai,ATM,Credit,Travel,14045.93,0
426,10007,2025-01-18 17:00:00,Bangalore,Online,Credit,Fashion,57689.6,1
427,10015,2025-01-18 18:00:00,Delhi,Online,Credit,Grocery,76212.17,1
428,10013,2025-01-18 19:00:00,Chennai,ATM,Debit,Grocery,78172.41,0
429,10075,2025-01-18 20:00:00,Bangalore,Online,Debit,Electronics,27648.16,0
430,10086,2025-01-18 21:00:00,Delhi,POS,Debit,Travel,20504.25,0
431,10014,2025-01-18 22:00:00,Delhi,ATM,Credit,Grocery,1773.95,0
432,10091,2025-01-18 23:00:00,Hyderabad,POS,Credit,Electronics,67952.0,0
433,10097,2025-01-19 00:00:00,Chennai,ATM,Debit,Food,7749.17,0
434,10065,2025-01-19 01:00:00,Hyderabad,Online,Debit,Grocery,42134.04,0
435,10031,2025-01-19 02:00:00,Mumbai,ATM,Credit,Grocery,60208.05,0
436,10086,2025-01-19 03:00:00,Hyderabad,POS,Credit,Electronics,93717.18,0
437,10062,2025-01-19 04:00:00,Hyderabad,Online,Credit,Travel,31249.03,0
438,10085,2025-01-19 05:00:00,Bangalore,ATM,Credit,Grocery,25052.24,0
439,10050,2025-01-19 06:00:00,Delhi,ATM,Debit,Food,65450.6,0
440,10024,2025-01-19 07:00:00,Chennai,ATM,Credit,Grocery,61961.98,0
441,10057,2025-01-19 08:00:00,Hyderabad,POS,Credit,Food,33277.77,0
442,10062,2025-01-19 09:00:00,Chennai,POS,Credit,Fashion,92817.37,0
443,10061,2025-01-19 10:00:00,Hyderabad,ATM,Debit,Fashion,84501.75,0
444,10021,2025-01-19 11:00:00,Mumbai,Online,Debit,Food,22475.86,0
445,10057,2025-01-19 12:00:00,Hyderabad,Online,Credit,Travel,23990.34,0
446,10057,2025-01-19 13:00:00,Bangalore,POS,Credit,Grocery,51278.8,0
447,10085,2025-01-19 14:00:00,Delhi,Online,Credit,Grocery,77379.85,1
448,10048,2025-01-19 15:00:00,Mumbai,POS,Debit,Fashion,4499.63,0
449,10051,2025-01-19 16:00:00,Hyderabad,ATM,Debit,Food,69364.18,0
450,10041,2025-01-19 17:00:00,Chennai,POS,Debit,Grocery,64858.77,0
451,10069,2025-01-19 18:00:00,Mumbai,POS,Credit,Grocery,23224.86,0
452,10014,2025-01-19 19:00:00,Mumbai,ATM,Debit,Travel,68167.17,0
453,10053,2025-01-19 20:00:00,Hyderabad,Online,Credit,Electronics,94024.3,1
454,10059,2025-01-19 21:00:00,Mumbai,POS,Credit,Fashion,4773.91,0
455,10096,2025-01-19 22:00:00,Chennai,POS,Credit,Fashion,32033.24,0
456,10007,2025-01-19 23:00:00,Mumbai,ATM,Debit,Electronics,43873.85,0
457,10052,2025-01-20 00:00:00,Chennai,Online,Credit,Grocery,89936.11,1
458,10059,2025-01-20 01:00:00,Hyderabad,POS,Debit,Travel,96229.92,0
459,10004,2025-01-20 02:00:00,Delhi,ATM,Debit,Travel,44467.11,0
460,10067,2025-01-20 03:00:00,Mumbai,POS,Credit,Fashion,75027.84,0
461,10005,2025-01-20 04:00:00,Delhi,ATM,Credit,Travel,53212.94,0
462,10095,2025-01-20 05:00:00,Chennai,Online,Debit,Electronics,53824.52,1
463,10093,2025-01-20 06:00:00,Mumbai,Online,Credit,Grocery,27882.14,0
464,10046,2025-01-20 07:00:00,Bangalore,Online,Debit,Electronics,21773.93,0
465,10098,2025-01-20 08:00:00,Delhi,Online,Credit,Food,28871.73,0
466,10054,2025-01-20 09:00:00,Mumbai,POS,Debit,Fashion,55677.17,0
467,10039,2025-01-20 10:00:00,Delhi,POS,Debit,Travel,3012.6,0
468,10051,2025-01-20 11:00:00,Mumbai,Online,Debit,Food,90734.17,1
469,10015,2025-01-20 12:00:00,Hyderabad,Online,Debit,Travel,15712.74,0
470,10012,2025-01-20 13:00:00,Delhi,Online,Credit,Grocery,22086.86,0
471,10029,2025-01-20 14:00:00,Bangalore,POS,Credit,Grocery,51875.79,0
472,10018,2025-01-20 15:00:00,Bangalore,Online,Debit,Grocery,71040.47,1
473,10016,2025-01-20 16:00:00,Chennai,Online,Debit,Travel,9663.33,0
474,10062,2025-01-20 17:00:00,Mumbai,Online,Credit,Food,31837.7,0
475,10018,2025-01-20 18:00:00,Delhi,ATM,Credit,Grocery,96870.59,0
476,10091,2025-01-20 19:00:00,Chennai,Online,Credit,Food,26308.06,0
477,10057,2025-01-20 20:00:00,Delhi,ATM,Credit,Travel,31373.71,0
478,10054,2025-01-20 21:00:00,Mumbai,ATM,Credit,Food,83666.2,0
479,10089,2025-01-20 22:00:00,Bangalore,Online,Credit,Travel,5116.42,0
480,10089,2025-01-20 23:00:00,Hyderabad,ATM,Debit,Travel,46514.86,0
481,10061,2025-01-21 00:00:00,Bangalore,Online,Credit,Fashion,38023.71,0
482,10022,2025-01-21 01:00:00,Chennai,POS,Credit,Travel,31727.02,0
483,10008,2025-01-21 02:00:00,Hyderabad,POS,Debit,Travel,28641.39,0
484,10011,2025-01-21 03:00:00,Chennai,POS,Credit,Electronics,9228.27,0
485,10000,2025-01-21 04:00:00,Mumbai,POS,Credit,Grocery,31551.1,0
486,10057,2025-01-21 05:00:00,Hyderabad,ATM,Credit,Fashion,4400.94,0
487,10000,2025-01-21 06:00:00,Chennai,Online,Credit,Fashion,78118.29,1
488,10033,2025-01-21 07:00:00,Mumbai,Online,Credit,Fashion,39882.96,0
489,10095,2025-01-21 08:00:00,Bangalore,Online,Debit,Electronics,44445.99,0
490,10047,2025-01-21 09:00:00,Mumbai,POS,Credit,Travel,89370.1,0
491,10088,2025-01-21 10:00:00,Delhi,POS,Debit,Grocery,65839.69,0
492,10000,2025-01-21 11:00:00,Mumbai,Online,Debit,Food,905.1,0
493,10015,2025-01-21 12:00:00,Mumbai,POS,Credit,Travel,94323.16,0
494,10060,2025-01-21 13:00:00,Delhi,Online,Debit,Electronics,23790.73,0
495,10063,2025-01-21 14:00:00,Chennai,Online,Credit,Travel,10850.66,0
496,10062,2025-01-21 15:00:00,Chennai,Online,Debit,Travel,76836.01,1
497,10068,2025-01-21 16:00:00,Mumbai,Online,Debit,Electronics,50097.68,1
498,10021,2025-01-21 17:00:00,Delhi,Online,Credit,Fashion,43433.68,0
499,10092,2025-01-21 18:00:00,Delhi,Online,Credit,Fashion,25025.36,0
500,10066,2025-01-21 19:00:00,Bangalore,Online,Credit,Grocery,54792.4,1
501,10075,2025-01-21 20:00:00,Chennai,POS,Credit,Grocery,27511.02,0
502,10025,2025-01-21 21:00:00,Hyderabad,Online,Credit,Fashion,90168.14,1
503,10015,2025-01-21 22:00:00,Chennai,Online,Debit,Food,21598.93,0
504,10050,2025-01-21 23:00:00,Chennai,POS,Debit,Travel,88447.08,0
505,10085,2025-01-22 00:00:00,Bangalore,POS,Debit,Food,55984.6,0
506,10056,2025-01-22 01:00:00,Hyderabad,POS,Debit,Travel,82865.96,0
507,10028,2025-01-22 02:00:00,Bangalore,Online,Debit,Fashion,71313.31,1
508,10077,2025-01-22 03:00:00,Hyderabad,ATM,Debit,Grocery,69699.84,0
509,10091,2025-01-22 04:00:00,Mumbai,ATM,Debit,Grocery,32502.15,0
510,10068,2025-01-22 05:00:00,Hyderabad,POS,Credit,Food,23466.3,0
511,10046,2025-01-22 06:00:00,Bangalore,ATM,Credit,Grocery,21167.53,0
512,10093,2025-01-22 07:00:00,Chennai,POS,Debit,Fashion,85733.45,0
513,10061,2025-01-22 08:00:00,Hyderabad,Online,Debit,Food,82060.64,1
514,10068,2025-01-22 09:00:00,Hyderabad,ATM,Credit,Travel,44113.3,0
515,10075,2025-01-22 10:00:00,Delhi,Online,Credit,Grocery,13327.22,0
516,10015,2025-01-22 11:00:00,Chennai,ATM,Credit,Electronics,38287.0,0
517,10089,2025-01-22 12:00:00,Mumbai,Online,Credit,Grocery,61972.41,1
518,10089,2025-01-22 13:00:00,Bangalore,ATM,Debit,Travel,45494.88,0
519,10047,2025-01-22 14:00:00,Mumbai,Online,Credit,Food,78040.91,1
520,10084,2025-01-22 15:00:00,Chennai,Online,Debit,Travel,99762.52,1
521,10038,2025-01-22 16:00:00,Hyderabad,ATM,Debit,Electronics,19194.1,0
522,10099,2025-01-22 17:00:00,Hyderabad,Online,Debit,Fashion,46019.12,0
523,10032,2025-01-22 18:00:00,Chennai,Online,Credit,Grocery,43155.29,0
524,10093,2025-01-22 19:00:00,Hyderabad,Online,Credit,Food,30518.8,0
525,10022,2025-01-22 20:00:00,Hyderabad,ATM,Debit,Fashion,19889.74,0
526,10009,2025-01-22 21:00:00,Hyderabad,ATM,Debit,Travel,6662.64,0
527,10068,2025-01-22 22:00:00,Bangalore,Online,Debit,Food,88723.22,1
528,10099,2025-01-22 23:00:00,Bangalore,Online,Credit,Fashion,42042.88,0
529,10033,2025-01-23 00:00:00,Delhi,ATM,Debit,Food,49739.86,0
530,10051,2025-01-23 01:00:00,Mumbai,ATM,Credit,Electronics,91702.51,0
531,10094,2025-01-23 02:00:00,Chennai,Online,Debit,Electronics,77651.42,1
532,10009,2025-01-23 03:00:00,Chennai,Online,Debit,Grocery,13137.08,0
533,10018,2025-01-23 04:00:00,Chennai,Online,Debit,Grocery,56585.45,1
534,10057,2025-01-23 05:00:00,Delhi,POS,Credit,Electronics,44281.0,0
535,10095,2025-01-23 06:00:00,Bangalore,ATM,Credit,Food,79741.39,0
536,10000,2025-01-23 07:00:00,Delhi,POS,Debit,Electronics,72450.83,0
537,10068,2025-01-23 08:00:00,Chennai,ATM,Credit,Grocery,69071.53,0
538,10003,2025-01-23 09:00:00,Mumbai,ATM,Debit,Electronics,34120.43,0
539,10015,2025-01-23 10:00:00,Hyderabad,ATM,Credit,Electronics,80515.88,0
540,10023,2025-01-23 11:00:00,Bangalore,ATM,Credit,Food,5333.89,0
541,10079,2025-01-23 12:00:00,Bangalore,ATM,Credit,Fashion,16046.53,0
542,10001,2025-01-23 13:00:00,Delhi,ATM,Debit,Grocery,33628.76,0
543,10091,2025-01-23 14:00:00,Bangalore,ATM,Credit,Food,7773.06,0
544,10031,2025-01-23 15:00:00,Chennai,POS,Credit,Electronics,23575.93,0
545,10090,2025-01-23 16:00:00,Chennai,Online,Debit,Electronics,83032.08,1
546,10083,2025-01-23 17:00:00,Delhi,Online,Debit,Fashion,94830.33,1
547,10023,2025-01-23 18:00:00,Chennai,POS,Debit,Grocery,30529.78,0
548,10011,2025-01-23 19:00:00,Mumbai,POS,Debit,Grocery,26525.13,0
549,10049,2025-01-23 20:00:00,Delhi,POS,Credit,Travel,28061.28,0
550,10034,2025-01-23 21:00:00,Mumbai,POS,Credit,Grocery,27844.14,0
551,10032,2025-01-23 22:00:00,Hyderabad,ATM,Credit,Fashion,3689.43,0
552,10032,2025-01-23 23:00:00,Mumbai,Online,Credit,Travel,92698.94,1
553,10060,2025-01-24 00:00:00,Hyderabad,ATM,Credit,Travel,21448.44,0
554,10050,2025-01-24 01:00:00,Hyderabad,Online,Debit,Electronics,42058.41,0
555,10042,2025-01-24 02:00:00,Mumbai,Online,Credit,Electronics,1067.72,0
556,10011,2025-01-24 03:00:00,Delhi,POS,Credit,Grocery,85809.71,0
557,10066,2025-01-24 04:00:00,Chennai,ATM,Credit,Travel,73142.62,0
558,10064,2025-01-24 05:00:00,Chennai,POS,Debit,Electronics,94680.93,0
559,10032,2025-01-24 06:00:00,Hyderabad,ATM,Debit,Fashion,78183.39,0
560,10039,2025-01-24 07:00:00,Hyderabad,Online,Credit,Electronics,31439.28,0
561,10073,2025-01-24 08:00:00,Delhi,POS,Debit,Electronics,24862.55,0
562,10042,2025-01-24 09:00:00,Bangalore,POS,Debit,Travel,69801.86,0
563,10043,2025-01-24 10:00:00,Mumbai,Online,Debit,Travel,36474.87,0
564,10028,2025-01-24 11:00:00,Hyderabad,Online,Debit,Food,56664.88,1
565,10012,2025-01-24 12:00:00,Chennai,Online,Debit,Fashion,725.12,0
566,10011,2025-01-24 13:00:00,Delhi,POS,Debit,Travel,6282.38,0
567,10094,2025-01-24 14:00:00,Mumbai,ATM,Debit,Grocery,53583.26,0
568,10045,2025-01-24 15:00:00,Delhi,POS,Credit,Fashion,56650.56,0
569,10001,2025-01-24 16:00:00,Mumbai,ATM,Credit,Fashion,75170.15,0
570,10034,2025-01-24 17:00:00,Mumbai,POS,Debit,Travel,13283.34,0
571,10086,2025-01-24 18:00:00,Hyderabad,POS,Credit,Fashion,51366.99,0
572,10080,2025-01-24 19:00:00,Delhi,Online,Credit,Travel,19525.32,0
573,10089,2025-01-24 20:00:00,Delhi,ATM,Debit,Electronics,9410.29,0
574,10007,2025-01-24 21:00:00,Chennai,POS,Credit,Food,41108.53,0
575,10092,2025-01-24 22:00:00,Chennai,POS,Debit,Electronics,16417.33,0
576,10025,2025-01-24 23:00:00,Hyderabad,Online,Debit,Travel,22256.02,0
577,10073,2025-01-25 00:00:00,Hyderabad,Online,Debit,Travel,31823.7,0
578,10089,2025-01-25 01:00:00,Bangalore,ATM,Credit,Electronics,26012.9,0
579,10033,2025-01-25 02:00:00,Chennai,POS,Credit,Grocery,8850.37,0
580,10006,2025-01-25 03:00:00,Mumbai,ATM,Credit,Grocery,9082.63,0
581,10067,2025-01-25 04:00:00,Delhi,POS,Credit,Grocery,19405.62,0
582,10057,2025-01-25 05:00:00,Hyderabad,ATM,Debit,Travel,5150.86,0
583,10074,2025-01-25 06:00:00,Delhi,Online,Debit,Fashion,62683.06,1
584,10028,2025-01-25 07:00:00,Delhi,POS,Credit,Travel,28803.94,0
585,10035,2025-01-25 08:00:00,Bangalore,ATM,Debit,Fashion,28046.62,0
586,10088,2025-01-25 09:00:00,Chennai,Online,Debit,Electronics,33266.63,0
587,10020,2025-01-25 10:00:00,Hyderabad,Online,Credit,Food,66313.35,1
588,10035,2025-01-25 11:00:00,Delhi,ATM,Debit,Fashion,87076.32,0
589,10009,2025-01-25 12:00:00,Hyderabad,POS,Credit,Grocery,75932.78,0
590,10072,2025-01-25 13:00:00,Mumbai,POS,Debit,Travel,72780.17,0
591,10023,2025-01-25 14:00:00,Bangalore,Online,Credit,Electronics,48490.68,0
592,10063,2025-01-25 15:00:00,Mumbai,POS,Debit,Grocery,69411.18,0
593,10098,2025-01-25 16:00:00,Hyderabad,POS,Debit,Electronics,55320.96,0
594,10048,2025-01-25 17:00:00,Hyderabad,POS,Credit,Food,21703.43,0
595,10098,2025-01-25 18:00:00,Chennai,Online,Credit,Travel,20937.98,0
596,10035,2025-01-25 19:00:00,Delhi,ATM,Credit,Travel,29709.56,0
597,10081,2025-01-25 20:00:00,Delhi,POS,Credit,Food,91089.19,0
598,10095,2025-01-25 21:00:00,Mumbai,Online,Debit,Travel,54786.74,1
599,10023,2025-01-25 22:00:00,Bangalore,Online,Debit,Fashion,73417.15,1
600,10022,2025-01-25 23:00:00,Delhi,ATM,Credit,Electronics,34721.22,0
601,10061,2025-01-26 00:00:00,Chennai,POS,Debit,Grocery,40830.81,0
602,10095,2025-01-26 01:00:00,Mumbai,POS,Credit,Food,12644.0,0
603,10036,2025-01-26 02:00:00,Mumbai,ATM,Credit,Fashion,17212.37,0
604,10011,2025-01-26 03:00:00,Chennai,ATM,Debit,Grocery,82752.92,0
605,10054,2025-01-26 04:00:00,Bangalore,Online,Debit,Grocery,58525.38,1
606,10012,2025-01-26 05:00:00,Chennai,Online,Credit,Food,33819.49,0
607,10022,2025-01-26 06:00:00,Bangalore,ATM,Credit,Fashion,80304.84,0
608,10088,2025-01-26 07:00:00,Chennai,POS,Credit,Grocery,24727.34,0
609,10098,2025-01-26 08:00:00,Chennai,Online,Debit,Grocery,97605.67,1
610,10029,2025-01-26 09:00:00,Hyderabad,Online,Debit,Fashion,34547.28,0
611,10016,2025-01-26 10:00:00,Mumbai,POS,Debit,Travel,33797.36,0
612,10061,2025-01-26 11:00:00,Chennai,Online,Debit,Grocery,31260.0,0
613,10083,2025-01-26 12:00:00,Chennai,POS,Credit,Electronics,12298.94,0
614,10088,2025-01-26 13:00:00,Delhi,POS,Credit,Fashion,11202.6,0
615,10085,2025-01-26 14:00:00,Mumbai,POS,Credit,Grocery,64845.69,0
616,10012,2025-01-26 15:00:00,Delhi,ATM,Credit,Food,87524.29,0
617,10058,2025-01-26 16:00:00,Mumbai,ATM,Credit,Electronics,79073.0,0
618,10018,2025-01-26 17:00:00,Delhi,ATM,Credit,Grocery,14196.65,0
619,10048,2025-01-26 18:00:00,Chennai,POS,Debit,Electronics,54603.65,0
620,10099,2025-01-26 19:00:00,Chennai,POS,Debit,Electronics,10648.6,0
621,10011,2025-01-26 20:00:00,Hyderabad,ATM,Credit,Travel,4624.93,0
622,10060,2025-01-26 21:00:00,Delhi,Online,Credit,Electronics,65672.95,1
623,10018,2025-01-26 22:00:00,Bangalore,POS,Debit,Travel,53561.72,0
624,10075,2025-01-26 23:00:00,Hyderabad,Online,Debit,Fashion,8294.17,0
625,10008,2025-01-27 00:00:00,Delhi,Online,Debit,Travel,3590.43,0
626,10070,2025-01-27 01:00:00,Delhi,POS,Debit,Food,98976.67,0
627,10027,2025-01-27 02:00:00,Hyderabad,POS,Credit,Grocery,3099.13,0
628,10077,2025-01-27 03:00:00,Chennai,Online,Credit,Fashion,44508.37,0
629,10094,2025-01-27 04:00:00,Delhi,Online,Credit,Fashion,50511.44,1
630,10051,2025-01-27 05:00:00,Chennai,ATM,Credit,Food,11816.29,0
631,10082,2025-01-27 06:00:00,Hyderabad,ATM,Credit,Travel,16989.27,0
632,10015,2025-01-27 07:00:00,Chennai,POS,Debit,Grocery,35245.32,0
633,10068,2025-01-27 08:00:00,Mumbai,ATM,Credit,Travel,76191.42,0
634,10098,2025-01-27 09:00:00,Bangalore,ATM,Debit,Electronics,50757.53,0
635,10011,2025-01-27 10:00:00,Delhi,ATM,Credit,Travel,63826.4,0
636,10024,2025-01-27 11:00:00,Bangalore,ATM,Credit,Fashion,98518.94,0
637,10051,2025-01-27 12:00:00,Chennai,Online,Credit,Grocery,76823.74,1
638,10084,2025-01-27 13:00:00,Delhi,POS,Credit,Travel,43492.71,0
639,10099,2025-01-27 14:00:00,Chennai,ATM,Credit,Grocery,44699.55,0
640,10052,2025-01-27 15:00:00,Mumbai,Online,Debit,Grocery,61915.33,1
641,10022,2025-01-27 16:00:00,Hyderabad,Online,Debit,Electronics,66569.98,1
642,10015,2025-01-27 17:00:00,Delhi,Online,Debit,Electronics,50121.02,1
643,10056,2025-01-27 18:00:00,Mumbai,ATM,Credit,Fashion,64521.64,0
644,10038,2025-01-27 19:00:00,Mumbai,ATM,Credit,Food,2450.9,0
645,10052,2025-01-27 20:00:00,Delhi,POS,Debit,Grocery,43019.32,0
646,10041,2025-01-27 21:00:00,Chennai,ATM,Credit,Food,27965.91,0
647,10057,2025-01-27 22:00:00,Mumbai,ATM,Credit,Fashion,13004.53,0
648,10038,2025-01-27 23:00:00,Bangalore,Online,Debit,Grocery,10044.7,0
649,10013,2025-01-28 00:00:00,Mumbai,POS,Credit,Grocery,60358.9,0
650,10094,2025-01-28 01:00:00,Chennai,ATM,Debit,Food,52407.69,0
651,10004,2025-01-28 02:00:00,Chennai,ATM,Credit,Travel,25433.05,0
652,10034,2025-01-28 03:00:00,Bangalore,Online,Debit,Electronics,47147.91,0
653,10086,2025-01-28 04:00:00,Mumbai,Online,Credit,Travel,49274.01,0
654,10092,2025-01-28 05:00:00,Chennai,ATM,Credit,Food,19581.4,0
655,10074,2025-01-28 06:00:00,Delhi,POS,Debit,Electronics,65244.1,0
656,10017,2025-01-28 07:00:00,Hyderabad,POS,Credit,Travel,78113.84,0
657,10075,2025-01-28 08:00:00,Hyderabad,Online,Credit,Electronics,79167.21,1
658,10008,2025-01-28 09:00:00,Hyderabad,Online,Debit,Grocery,60286.74,1
659,10073,2025-01-28 10:00:00,Mumbai,ATM,Credit,Travel,51212.69,0
660,10057,2025-01-28 11:00:00,Bangalore,Online,Debit,Electronics,6194.61,0
661,10016,2025-01-28 12:00:00,Chennai,ATM,Credit,Electronics,28854.35,0
662,10006,2025-01-28 13:00:00,Delhi,POS,Credit,Electronics,9417.82,0
663,10045,2025-01-28 14:00:00,Delhi,POS,Credit,Travel,96385.93,0
664,10012,2025-01-28 15:00:00,Mumbai,ATM,Credit,Fashion,13594.51,0
665,10039,2025-01-28 16:00:00,Hyderabad,Online,Debit,Travel,15262.36,0
666,10041,2025-01-28 17:00:00,Mumbai,POS,Credit,Food,88968.7,0
667,10008,2025-01-28 18:00:00,Bangalore,Online,Debit,Travel,94398.44,1
668,10049,2025-01-28 19:00:00,Bangalore,POS,Credit,Electronics,76606.32,0
669,10026,2025-01-28 20:00:00,Chennai,ATM,Credit,Grocery,639.95,0
670,10065,2025-01-28 21:00:00,Chennai,ATM,Credit,Travel,234.49,0
671,10004,2025-01-28 22:00:00,Bangalore,ATM,Credit,Travel,37872.27,0
672,10028,2025-01-28 23:00:00,Bangalore,POS,Debit,Electronics,14425.2,0
673,10036,2025-01-29 00:00:00,Bangalore,Online,Debit,Grocery,1936.78,0
674,10037,2025-01-29 01:00:00,Mumbai,Online,Debit,Grocery,46460.26,0
675,10082,2025-01-29 02:00:00,Bangalore,Online,Debit,Food,94311.88,1
676,10007,2025-01-29 03:00:00,Delhi,POS,Credit,Travel,32449.58,0
677,10064,2025-01-29 04:00:00,Hyderabad,POS,Debit,Grocery,66147.95,0
678,10085,2025-01-29 05:00:00,Bangalore,POS,Debit,Grocery,65258.31,0
679,10016,2025-01-29 06:00:00,Hyderabad,POS,Credit,Fashion,25182.9,0
680,10070,2025-01-29 07:00:00,Mumbai,POS,Credit,Fashion,65077.48,0
681,10088,2025-01-29 08:00:00,Hyderabad,Online,Credit,Grocery,21312.16,0
682,10044,2025-01-29 09:00:00,Mumbai,POS,Credit,Food,12288.54,0
683,10003,2025-01-29 10:00:00,Delhi,POS,Debit,Grocery,70168.19,0
684,10035,2025-01-29 11:00:00,Mumbai,Online,Debit,Electronics,11432.74,0
685,10069,2025-01-29 12:00:00,Mumbai,POS,Credit,Travel,99691.23,0
686,10030,2025-01-29 13:00:00,Chennai,Online,Credit,Food,18426.89,0
687,10018,2025-01-29 14:00:00,Bangalore,Online,Credit,Electronics,59454.77,1
688,10060,2025-01-29 15:00:00,Bangalore,ATM,Debit,Food,41196.32,0
689,10053,2025-01-29 16:00:00,Delhi,ATM,Debit,Electronics,12726.0,0
690,10038,2025-01-29 17:00:00,Delhi,ATM,Credit,Travel,2881.61,0
691,10090,2025-01-29 18:00:00,Bangalore,ATM,Credit,Travel,62310.96,0
692,10073,2025-01-29 19:00:00,Chennai,POS,Debit,Fashion,80695.08,0
693,10089,2025-01-29 20:00:00,Bangalore,ATM,Credit,Electronics,84217.36,0
694,10018,2025-01-29 21:00:00,Chennai,Online,Credit,Fashion,48323.08,0
695,10038,2025-01-29 22:00:00,Delhi,POS,Debit,Electronics,77767.8,0
696,10066,2025-01-29 23:00:00,Hyderabad,ATM,Credit,Fashion,67317.43,0
697,10044,2025-01-30 00:00:00,Delhi,Online,Debit,Travel,72453.03,1
698,10012,2025-01-30 01:00:00,Delhi,POS,Credit,Food,49310.64,0
699,10091,2025-01-30 02:00:00,Mumbai,POS,Credit,Fashion,63377.83,0
700,10057,2025-01-30 03:00:00,Mumbai,ATM,Debit,Electronics,80572.04,0
701,10019,2025-01-30 04:00:00,Mumbai,POS,Debit,Electronics,39848.63,0
702,10091,2025-01-30 05:00:00,Mumbai,Online,Credit,Travel,80617.29,1
703,10071,2025-01-30 06:00:00,Chennai,POS,Debit,Electronics,59242.48,0
704,10060,2025-01-30 07:00:00,Bangalore,Online,Credit,Grocery,16673.51,0
705,10038,2025-01-30 08:00:00,Hyderabad,POS,Credit,Food,2565.95,0
706,10000,2025-01-30 09:00:00,Delhi,ATM,Debit,Fashion,36339.08,0
707,10002,2025-01-30 10:00:00,Chennai,Online,Credit,Food,54714.96,1
708,10076,2025-01-30 11:00:00,Hyderabad,POS,Credit,Travel,83998.05,0
709,10091,2025-01-30 12:00:00,Chennai,POS,Debit,Fashion,12835.82,0
710,10061,2025-01-30 13:00:00,Chennai,POS,Debit,Fashion,80040.61,0
711,10062,2025-01-30 14:00:00,Delhi,Online,Credit,Grocery,86314.6,1
712,10024,2025-01-30 15:00:00,Bangalore,Online,Debit,Travel,15153.68,0
713,10055,2025-01-30 16:00:00,Mumbai,Online,Debit,Electronics,85174.27,1
714,10032,2025-01-30 17:00:00,Bangalore,ATM,Debit,Grocery,99146.21,0
715,10037,2025-01-30 18:00:00,Delhi,ATM,Debit,Grocery,72711.2,0
716,10005,2025-01-30 19:00:00,Delhi,Online,Credit,Food,78498.49,1
717,10057,2025-01-30 20:00:00,Delhi,POS,Credit,Food,99442.09,0
718,10043,2025-01-30 21:00:00,Hyderabad,ATM,Credit,Food,60587.58,0
719,10044,2025-01-30 22:00:00,Bangalore,Online,Debit,Grocery,30857.85,0
720,10031,2025-01-30 23:00:00,Bangalore,POS,Debit,Electronics,83769.33,0
721,10044,2025-01-31 00:00:00,Chennai,ATM,Debit,Fashion,61487.13,0
722,10060,2025-01-31 01:00:00,Chennai,POS,Debit,Food,58161.42,0
723,10046,2025-01-31 02:00:00,Chennai,POS,Debit,Electronics,25438.19,0
724,10020,2025-01-31 03:00:00,Delhi,POS,Debit,Travel,75657.79,0
725,10079,2025-01-31 04:00:00,Bangalore,POS,Debit,Food,8258.56,0
726,10084,2025-01-31 05:00:00,Delhi,ATM,Credit,Fashion,92436.28,0
727,10074,2025-01-31 06:00:00,Hyderabad,ATM,Credit,Travel,32649.76,0
728,10035,2025-01-31 07:00:00,Chennai,ATM,Debit,Travel,12864.69,0
729,10098,2025-01-31 08:00:00,Delhi,Online,Debit,Fashion,44292.42,0
730,10018,2025-01-31 09:00:00,Delhi,ATM,Debit,Food,4342.74,0
731,10019,2025-01-31 10:00:00,Hyderabad,POS,Credit,Grocery,68494.16,0
732,10056,2025-01-31 11:00:00,Mumbai,ATM,Credit,Fashion,90280.28,0
733,10017,2025-01-31 12:00:00,Bangalore,POS,Debit,Fashion,83742.57,0
734,10046,2025-01-31 13:00:00,Mumbai,Online,Debit,Fashion,12824.21,0
735,10048,2025-01-31 14:00:00,Chennai,POS,Credit,Travel,12714.49,0
736,10013,2025-01-31 15:00:00,Delhi,POS,Credit,Electronics,81362.1,0
737,10014,2025-01-31 16:00:00,Hyderabad,POS,Credit,Grocery,92433.0,0
738,10030,2025-01-31 17:00:00,Hyderabad,Online,Credit,Food,46120.92,0
739,10000,2025-01-31 18:00:00,Bangalore,ATM,Debit,Food,49947.21,0
740,10053,2025-01-31 19:00:00,Mumbai,ATM,Credit,Electronics,31894.38,0
741,10002,2025-01-31 20:00:00,Bangalore,Online,Credit,Fashion,89437.09,1
742,10015,2025-01-31 21:00:00,Delhi,POS,Debit,Grocery,64525.8,0
743,10086,2025-01-31 22:00:00,Bangalore,ATM,Credit,Food,28896.33,0
744,10056,2025-01-31 23:00:00,Hyderabad,Online,Credit,Food,29948.41,0
745,10074,2025-02-01 00:00:00,Hyderabad,ATM,Credit,Fashion,89130.89,0
746,10011,2025-02-01 01:00:00,Chennai,Online,Debit,Electronics,1462.04,0
747,10073,2025-02-01 02:00:00,Chennai,POS,Credit,Grocery,32340.38,0
748,10095,2025-02-01 03:00:00,Delhi,ATM,Debit,Electronics,55480.23,0
749,10015,2025-02-01 04:00:00,Mumbai,Online,Debit,Electronics,14906.92,0
750,10071,2025-02-01 05:00:00,Bangalore,ATM,Credit,Grocery,9300.67,0
751,10075,2025-02-01 06:00:00,Delhi,ATM,Credit,Grocery,81546.11,0
752,10023,2025-02-01 07:00:00,Chennai,ATM,Credit,Food,89451.0,0
753,10027,2025-02-01 08:00:00,Bangalore,ATM,Credit,Food,82378.28,0
754,10007,2025-02-01 09:00:00,Chennai,Online,Debit,Grocery,89888.91,1
755,10091,2025-02-01 10:00:00,Bangalore,POS,Credit,Travel,55355.89,0
756,10035,2025-02-01 11:00:00,Mumbai,Online,Credit,Food,81244.59,1
757,10089,2025-02-01 12:00:00,Delhi,Online,Credit,Travel,38465.86,0
758,10007,2025-02-01 13:00:00,Bangalore,Online,Debit,Grocery,66660.16,1
759,10057,2025-02-01 14:00:00,Hyderabad,POS,Credit,Food,98884.67,0
760,10059,2025-02-01 15:00:00,Hyderabad,ATM,Credit,Electronics,22650.2,0
761,10049,2025-02-01 16:00:00,Bangalore,ATM,Debit,Grocery,39050.98,0
762,10027,2025-02-01 17:00:00,Bangalore,ATM,Debit,Fashion,48056.73,0
763,10091,2025-02-01 18:00:00,Bangalore,POS,Credit,Travel,13887.75,0
764,10040,2025-02-01 19:00:00,Hyderabad,ATM,Credit,Grocery,8195.76,0
765,10099,2025-02-01 20:00:00,Hyderabad,POS,Credit,Grocery,82989.31,0
766,10063,2025-02-01 21:00:00,Bangalore,ATM,Credit,Food,97681.76,0
767,10026,2025-02-01 22:00:00,Chennai,ATM,Credit,Food,40532.03,0
768,10062,2025-02-01 23:00:00,Chennai,Online,Debit,Food,8856.22,0
769,10016,2025-02-02 00:00:00,Mumbai,POS,Debit,Fashion,6674.59,0
770,10072,2025-02-02 01:00:00,Delhi,Online,Credit,Food,89142.69,1
771,10032,2025-02-02 02:00:00,Chennai,Online,Credit,Grocery,46435.04,0
772,10083,2025-02-02 03:00:00,Hyderabad,Online,Debit,Food,32070.73,0
773,10076,2025-02-02 04:00:00,Chennai,POS,Credit,Electronics,47698.48,0
774,10091,2025-02-02 05:00:00,Mumbai,POS,Credit,Food,31898.58,0
775,10028,2025-02-02 06:00:00,Mumbai,ATM,Credit,Fashion,48954.67,0
776,10012,2025-02-02 07:00:00,Delhi,Online,Credit,Electronics,85969.68,1
777,10045,2025-02-02 08:00:00,Chennai,ATM,Credit,Grocery,59270.91,0
778,10034,2025-02-02 09:00:00,Hyderabad,Online,Debit,Grocery,69495.91,1
779,10005,2025-02-02 10:00:00,Hyderabad,POS,Credit,Travel,36530.6,0
780,10081,2025-02-02 11:00:00,Bangalore,POS,Credit,Electronics,73876.74,0
781,10068,2025-02-02 12:00:00,Hyderabad,POS,Credit,Travel,66695.05,0
782,10046,2025-02-02 13:00:00,Delhi,Online,Debit,Electronics,12044.24,0
783,10024,2025-02-02 14:00:00,Delhi,POS,Debit,Electronics,57307.02,0
784,10065,2025-02-02 15:00:00,Hyderabad,Online,Debit,Fashion,25748.68,0
785,10009,2025-02-02 16:00:00,Hyderabad,ATM,Debit,Travel,80429.16,0
786,10055,2025-02-02 17:00:00,Bangalore,Online,Credit,Fashion,42651.18,0
787,10029,2025-02-02 18:00:00,Hyderabad,ATM,Debit,Electronics,99468.95,0
788,10004,2025-02-02 19:00:00,Bangalore,Online,Credit,Grocery,9340.79,0
789,10032,2025-02-02 20:00:00,Bangalore,ATM,Credit,Electronics,78056.75,0
790,10064,2025-02-02 21:00:00,Hyderabad,POS,Debit,Fashion,67402.8,0
791,10017,2025-02-02 22:00:00,Mumbai,ATM,Debit,Travel,76773.13,0
792,10095,2025-02-02 23:00:00,Mumbai,POS,Debit,Travel,30822.23,0
793,10048,2025-02-03 00:00:00,Bangalore,POS,Debit,Fashion,49256.24,0
794,10010,2025-02-03 01:00:00,Hyderabad,ATM,Debit,Travel,79671.2,0
795,10084,2025-02-03 02:00:00,Mumbai,Online,Credit,Food,23330.88,0
796,10025,2025-02-03 03:00:00,Hyderabad,Online,Debit,Grocery,22680.72,0
797,10062,2025-02-03 04:00:00,Hyderabad,Online,Debit,Grocery,55149.99,1
798,10088,2025-02-03 05:00:00,Hyderabad,Online,Debit,Grocery,52404.0,1
799,10085,2025-02-03 06:00:00,Chennai,Online,Credit,Travel,28298.02,0
800,10058,2025-02-03 07:00:00,Hyderabad,POS,Debit,Travel,29877.76,0
801,10026,2025-02-03 08:00:00,Chennai,Online,Credit,Electronics,27856.73,0
802,10048,2025-02-03 09:00:00,Bangalore,POS,Debit,Electronics,77174.05,0
803,10076,2025-02-03 10:00:00,Mumbai,POS,Debit,Grocery,65224.9,0
804,10032,2025-02-03 11:00:00,Mumbai,POS,Credit,Food,83258.48,0
805,10097,2025-02-03 12:00:00,Mumbai,ATM,Debit,Electronics,97549.76,0
806,10098,2025-02-03 13:00:00,Mumbai,ATM,Credit,Electronics,47469.01,0
807,10000,2025-02-03 14:00:00,Mumbai,POS,Credit,Travel,6762.72,0
808,10020,2025-02-03 15:00:00,Mumbai,ATM,Credit,Food,4904.42,0
809,10054,2025-02-03 16:00:00,Mumbai,Online,Debit,Grocery,29636.94,0
810,10005,2025-02-03 17:00:00,Bangalore,Online,Debit,Electronics,93261.2,1
811,10091,2025-02-03 18:00:00,Hyderabad,POS,Debit,Food,52368.98,0
812,10080,2025-02-03 19:00:00,Delhi,Online,Credit,Food,27251.47,0
813,10068,2025-02-03 20:00:00,Chennai,POS,Debit,Grocery,39976.76,0
814,10094,2025-02-03 21:00:00,Delhi,POS,Credit,Food,59899.65,0
815,10004,2025-02-03 22:00:00,Delhi,Online,Debit,Food,65329.67,1
816,10002,2025-02-03 23:00:00,Hyderabad,ATM,Credit,Food,15476.56,0
817,10052,2025-02-04 00:00:00,Hyderabad,Online,Credit,Electronics,97705.46,1
818,10022,2025-02-04 01:00:00,Hyderabad,Online,Credit,Grocery,54522.75,1
819,10052,2025-02-04 02:00:00,Mumbai,POS,Debit,Food,13655.26,0
820,10036,2025-02-04 03:00:00,Bangalore,POS,Credit,Food,89374.16,0
821,10073,2025-02-04 04:00:00,Mumbai,POS,Credit,Electronics,7556.38,0
822,10073,2025-02-04 05:00:00,Bangalore,POS,Credit,Grocery,90782.77,0
823,10082,2025-02-04 06:00:00,Bangalore,ATM,Credit,Travel,99656.91,0
824,10016,2025-02-04 07:00:00,Delhi,ATM,Credit,Electronics,70073.14,0
825,10084,2025-02-04 08:00:00,Delhi,ATM,Credit,Grocery,77067.68,0
826,10077,2025-02-04 09:00:00,Bangalore,POS,Debit,Food,33796.55,0
827,10072,2025-02-04 10:00:00,Bangalore,POS,Debit,Grocery,94163.53,0
828,10000,2025-02-04 11:00:00,Mumbai,POS,Credit,Grocery,53018.43,0
829,10050,2025-02-04 12:00:00,Mumbai,ATM,Debit,Grocery,73265.61,0
830,10044,2025-02-04 13:00:00,Delhi,POS,Debit,Travel,92418.36,0
831,10076,2025-02-04 14:00:00,Hyderabad,Online,Credit,Grocery,97520.48,1
832,10003,2025-02-04 15:00:00,Bangalore,Online,Credit,Travel,83337.12,1
833,10061,2025-02-04 16:00:00,Mumbai,POS,Credit,Food,30371.45,0
834,10064,2025-02-04 17:00:00,Delhi,Online,Debit,Travel,96658.1,1
835,10031,2025-02-04 18:00:00,Mumbai,Online,Credit,Food,62849.14,1
836,10033,2025-02-04 19:00:00,Bangalore,ATM,Debit,Food,93071.18,0
837,10091,2025-02-04 20:00:00,Bangalore,POS,Credit,Travel,67642.89,0
838,10094,2025-02-04 21:00:00,Chennai,POS,Debit,Electronics,30793.17,0
839,10071,2025-02-04 22:00:00,Hyderabad,ATM,Credit,Fashion,37065.45,0
840,10038,2025-02-04 23:00:00,Chennai,Online,Credit,Grocery,55092.13,1
841,10025,2025-02-05 00:00:00,Delhi,Online,Debit,Fashion,79022.48,1
842,10033,2025-02-05 01:00:00,Mumbai,POS,Debit,Grocery,31866.46,0
843,10053,2025-02-05 02:00:00,Delhi,Online,Debit,Grocery,58015.14,1
844,10002,2025-02-05 03:00:00,Bangalore,ATM,Debit,Food,34627.94,0
845,10049,2025-02-05 04:00:00,Chennai,ATM,Debit,Grocery,81595.36,0
846,10011,2025-02-05 05:00:00,Chennai,POS,Debit,Grocery,46726.14,0
847,10064,2025-02-05 06:00:00,Chennai,ATM,Credit,Travel,7764.61,0
848,10053,2025-02-05 07:00:00,Delhi,ATM,Debit,Fashion,16688.65,0
849,10004,2025-02-05 08:00:00,Bangalore,POS,Credit,Travel,6204.36,0
850,10093,2025-02-05 09:00:00,Mumbai,ATM,Credit,Grocery,49980.36,0
851,10093,2025-02-05 10:00:00,Mumbai,ATM,Debit,Food,10723.1,0
852,10056,2025-02-05 11:00:00,Delhi,ATM,Credit,Travel,11502.58,0
853,10016,2025-02-05 12:00:00,Chennai,Online,Debit,Travel,94110.72,1
854,10046,2025-02-05 13:00:00,Hyderabad,POS,Debit,Electronics,87278.24,0
855,10022,2025-02-05 14:00:00,Delhi,POS,Credit,Grocery,45263.45,0
856,10078,2025-02-05 15:00:00,Delhi,POS,Credit,Food,98581.95,0
857,10084,2025-02-05 16:00:00,Bangalore,Online,Debit,Travel,118.63,0
858,10013,2025-02-05 17:00:00,Mumbai,Online,Debit,Travel,61436.55,1
859,10065,2025-02-05 18:00:00,Delhi,POS,Credit,Food,61681.17,0
860,10074,2025-02-05 19:00:00,Delhi,Online,Credit,Grocery,45798.56,0
861,10050,2025-02-05 20:00:00,Chennai,POS,Credit,Electronics,39755.1,0
862,10037,2025-02-05 21:00:00,Chennai,Online,Credit,Travel,45592.78,0
863,10063,2025-02-05 22:00:00,Hyderabad,ATM,Debit,Electronics,41554.55,0
864,10097,2025-02-05 23:00:00,Bangalore,ATM,Debit,Fashion,73076.2,0
865,10037,2025-02-06 00:00:00,Hyderabad,POS,Debit,Grocery,13622.01,0
866,10049,2025-02-06 01:00:00,Chennai,Online,Debit,Fashion,19844.16,0
867,10097,2025-02-06 02:00:00,Mumbai,Online,Credit,Fashion,18133.77,0
868,10081,2025-02-06 03:00:00,Chennai,ATM,Credit,Fashion,26320.81,0
869,10029,2025-02-06 04:00:00,Bangalore,ATM,Debit,Grocery,52573.32,0
870,10078,2025-02-06 05:00:00,Chennai,Online,Debit,Grocery,11209.75,0
871,10090,2025-02-06 06:00:00,Bangalore,Online,Debit,Food,86830.11,1
872,10050,2025-02-06 07:00:00,Bangalore,Online,Debit,Electronics,29806.42,0
873,10062,2025-02-06 08:00:00,Bangalore,Online,Debit,Electronics,16337.54,0
874,10097,2025-02-06 09:00:00,Bangalore,Online,Debit,Food,67594.57,1
875,10051,2025-02-06 10:00:00,Bangalore,Online,Debit,Food,3904.82,0
876,10037,2025-02-06 11:00:00,Mumbai,POS,Debit,Fashion,62034.86,0
877,10096,2025-02-06 12:00:00,Hyderabad,Online,Debit,Food,69850.02,1
878,10087,2025-02-06 13:00:00,Delhi,ATM,Credit,Travel,21570.16,0
879,10078,2025-02-06 14:00:00,Hyderabad,POS,Debit,Electronics,4292.21,0
880,10029,2025-02-06 15:00:00,Bangalore,Online,Credit,Food,36428.17,0
881,10050,2025-02-06 16:00:00,Mumbai,ATM,Credit,Travel,9949.56,0
882,10080,2025-02-06 17:00:00,Chennai,POS,Debit,Travel,11736.14,0
883,10004,2025-02-06 18:00:00,Mumbai,ATM,Debit,Travel,25500.7,0
884,10028,2025-02-06 19:00:00,Bangalore,Online,Credit,Travel,29617.25,0
885,10003,2025-02-06 20:00:00,Mumbai,Online,Credit,Fashion,53044.04,1
886,10009,2025-02-06 21:00:00,Mumbai,Online,Debit,Travel,67871.35,1
887,10055,2025-02-06 22:00:00,Bangalore,Online,Credit,Fashion,59317.82,1
888,10016,2025-02-06 23:00:00,Mumbai,POS,Debit,Fashion,14921.2,0
889,10073,2025-02-07 00:00:00,Delhi,POS,Debit,Travel,17291.39,0
890,10016,2025-02-07 01:00:00,Delhi,ATM,Debit,Electronics,87889.05,0
891,10083,2025-02-07 02:00:00,Mumbai,Online,Credit,Travel,55879.4,1
892,10087,2025-02-07 03:00:00,Chennai,ATM,Credit,Travel,87006.79,0
893,10068,2025-02-07 04:00:00,Bangalore,POS,Debit,Travel,37217.5,0
894,10033,2025-02-07 05:00:00,Delhi,Online,Credit,Electronics,61478.56,1
895,10005,2025-02-07 06:00:00,Chennai,Online,Credit,Grocery,52413.98,1
896,10052,2025-02-07 07:00:00,Mumbai,POS,Credit,Grocery,31980.44,0
897,10065,2025-02-07 08:00:00,Chennai,POS,Credit,Fashion,47044.55,0
898,10076,2025-02-07 09:00:00,Hyderabad,POS,Credit,Fashion,50298.84,0
899,10042,2025-02-07 10:00:00,Delhi,POS,Credit,Electronics,20157.02,0
900,10074,2025-02-07 11:00:00,Mumbai,POS,Credit,Food,31569.54,0
901,10022,2025-02-07 12:00:00,Bangalore,Online,Debit,Grocery,79161.83,1
902,10054,2025-02-07 13:00:00,Mumbai,POS,Credit,Fashion,91587.25,0
903,10079,2025-02-07 14:00:00,Bangalore,Online,Credit,Grocery,36043.43,0
904,10094,2025-02-07 15:00:00,Mumbai,Online,Credit,Electronics,30766.53,0
905,10074,2025-02-07 16:00:00,Chennai,POS,Credit,Electronics,19600.2,0
906,10015,2025-02-07 17:00:00,Chennai,POS,Credit,Food,67881.27,0
907,10007,2025-02-07 18:00:00,Chennai,Online,Credit,Food,32377.66,0
908,10003,2025-02-07 19:00:00,Hyderabad,POS,Credit,Electronics,98776.18,0
909,10003,2025-02-07 20:00:00,Bangalore,POS,Credit,Fashion,32635.91,0
910,10055,2025-02-07 21:00:00,Chennai,POS,Debit,Grocery,39474.19,0
911,10024,2025-02-07 22:00:00,Hyderabad,ATM,Credit,Travel,60373.09,0
912,10066,2025-02-07 23:00:00,Bangalore,Online,Credit,Food,80188.26,1
913,10095,2025-02-08 00:00:00,Mumbai,ATM,Credit,Travel,47004.91,0
914,10066,2025-02-08 01:00:00,Hyderabad,POS,Credit,Fashion,42323.34,0
915,10026,2025-02-08 02:00:00,Delhi,ATM,Debit,Food,99564.22,0
916,10092,2025-02-08 03:00:00,Hyderabad,POS,Debit,Travel,1148.31,0
917,10031,2025-02-08 04:00:00,Hyderabad,ATM,Debit,Fashion,89517.02,0
918,10049,2025-02-08 05:00:00,Bangalore,POS,Debit,Grocery,14999.17,0
919,10060,2025-02-08 06:00:00,Mumbai,ATM,Debit,Fashion,78613.94,0
920,10050,2025-02-08 07:00:00,Delhi,ATM,Debit,Food,61831.36,0
921,10018,2025-02-08 08:00:00,Chennai,ATM,Debit,Electronics,34250.54,0
922,10020,2025-02-08 09:00:00,Chennai,Online,Debit,Grocery,87400.11,1
923,10004,2025-02-08 10:00:00,Hyderabad,ATM,Debit,Travel,1389.43,0
924,10081,2025-02-08 11:00:00,Bangalore,Online,Debit,Food,22746.4,0
925,10091,2025-02-08 12:00:00,Bangalore,POS,Debit,Electronics,56732.59,0
926,10041,2025-02-08 13:00:00,Chennai,ATM,Debit,Fashion,35219.07,0
927,10060,2025-02-08 14:00:00,Delhi,POS,Debit,Electronics,61076.71,0
928,10021,2025-02-08 15:00:00,Mumbai,POS,Debit,Food,2508.61,0
929,10020,2025-02-08 16:00:00,Delhi,ATM,Debit,Food,11734.25,0
930,10069,2025-02-08 17:00:00,Mumbai,Online,Debit,Electronics,12796.91,0
931,10000,2025-02-08 18:00:00,Chennai,ATM,Credit,Fashion,19009.44,0
932,10004,2025-02-08 19:00:00,Mumbai,POS,Debit,Electronics,45987.21,0
933,10011,2025-02-08 20:00:00,Bangalore,POS,Credit,Food,75237.66,0
934,10089,2025-02-08 21:00:00,Hyderabad,ATM,Debit,Food,90563.33,0
935,10045,2025-02-08 22:00:00,Hyderabad,Online,Debit,Travel,83553.72,1
936,10033,2025-02-08 23:00:00,Chennai,Online,Credit,Travel,19769.1,0
937,10048,2025-02-09 00:00:00,Bangalore,POS,Debit,Grocery,44170.94,0
938,10077,2025-02-09 01:00:00,Delhi,POS,Credit,Food,20021.22,0
939,10089,2025-02-09 02:00:00,Bangalore,Online,Credit,Travel,26520.73,0
940,10044,2025-02-09 03:00:00,Hyderabad,ATM,Credit,Electronics,50404.34,0
941,10026,2025-02-09 04:00:00,Hyderabad,POS,Debit,Fashion,6904.09,0
942,10072,2025-02-09 05:00:00,Bangalore,Online,Debit,Electronics,21895.62,0
943,10025,2025-02-09 06:00:00,Bangalore,POS,Debit,Fashion,93544.28,0
944,10046,2025-02-09 07:00:00,Hyderabad,ATM,Credit,Travel,46665.02,0
945,10085,2025-02-09 08:00:00,Delhi,Online,Credit,Grocery,44594.11,0
946,10055,2025-02-09 09:00:00,Chennai,POS,Debit,Electronics,1555.26,0
947,10093,2025-02-09 10:00:00,Chennai,ATM,Debit,Electronics,24815.23,0
948,10062,2025-02-09 11:00:00,Bangalore,POS,Debit,Electronics,86642.61,0
949,10047,2025-02-09 12:00:00,Chennai,ATM,Debit,Fashion,16546.38,0
950,10060,2025-02-09 13:00:00,Hyderabad,ATM,Debit,Travel,41570.98,0
951,10080,2025-02-09 14:00:00,Hyderabad,Online,Credit,Electronics,1531.66,0
952,10025,2025-02-09 15:00:00,Bangalore,ATM,Credit,Electronics,47885.71,0
953,10035,2025-02-09 16:00:00,Bangalore,POS,Credit,Grocery,2200.01,0
954,10000,2025-02-09 17:00:00,Bangalore,ATM,Debit,Grocery,81978.99,0
955,10007,2025-02-09 18:00:00,Delhi,ATM,Credit,Travel,82502.89,0
956,10098,2025-02-09 19:00:00,Chennai,Online,Credit,Travel,78795.44,1
957,10051,2025-02-09 20:00:00,Bangalore,ATM,Credit,Food,28408.07,0
958,10078,2025-02-09 21:00:00,Mumbai,ATM,Credit,Grocery,83740.0,0
959,10046,2025-02-09 22:00:00,Mumbai,POS,Credit,Food,54345.51,0
960,10055,2025-02-09 23:00:00,Hyderabad,Online,Debit,Fashion,37443.43,0
961,10085,2025-02-10 00:00:00,Chennai,Online,Credit,Food,62570.46,1
962,10013,2025-02-10 01:00:00,Bangalore,Online,Debit,Electronics,1332.87,0
963,10089,2025-02-10 02:00:00,Mumbai,ATM,Debit,Food,14381.79,0
964,10027,2025-02-10 03:00:00,Chennai,Online,Debit,Travel,74255.12,1
965,10086,2025-02-10 04:00:00,Hyderabad,ATM,Debit,Fashion,24491.74,0
966,10077,2025-02-10 05:00:00,Delhi,ATM,Debit,Electronics,59841.11,0
967,10087,2025-02-10 06:00:00,Chennai,POS,Credit,Food,38571.75,0
968,10001,2025-02-10 07:00:00,Chennai,POS,Credit,Fashion,85495.1,0
969,10025,2025-02-10 08:00:00,Delhi,POS,Debit,Fashion,95246.29,0
970,10013,2025-02-10 09:00:00,Chennai,POS,Debit,Electronics,88368.12,0
971,10058,2025-02-10 10:00:00,Hyderabad,POS,Debit,Food,27134.94,0
972,10055,2025-02-10 11:00:00,Hyderabad,ATM,Credit,Fashion,19496.87,0
973,10006,2025-02-10 12:00:00,Delhi,ATM,Debit,Fashion,47496.05,0
974,10002,2025-02-10 13:00:00,Bangalore,Online,Credit,Grocery,832.68,0
975,10022,2025-02-10 14:00:00,Mumbai,ATM,Debit,Fashion,2678.36,0
976,10017,2025-02-10 15:00:00,Bangalore,ATM,Credit,Grocery,55373.73,0
977,10037,2025-02-10 16:00:00,Chennai,POS,Debit,Food,52092.9,0
978,10098,2025-02-10 17:00:00,Mumbai,ATM,Credit,Food,99458.74,0
979,10014,2025-02-10 18:00:00,Delhi,POS,Debit,Food,20264.0,0
980,10063,2025-02-10 19:00:00,Delhi,Online,Credit,Travel,25884.58,0
981,10088,2025-02-10 20:00:00,Mumbai,Online,Credit,Food,11442.71,0
982,10027,2025-02-10 21:00:00,Hyderabad,ATM,Credit,Fashion,91762.55,0
983,10073,2025-02-10 22:00:00,Mumbai,Online,Credit,Electronics,77803.34,1
984,10038,2025-02-10 23:00:00,Chennai,ATM,Credit,Grocery,82251.68,0
985,10056,2025-02-11 00:00:00,Hyderabad,Online,Credit,Travel,90286.1,1
986,10016,2025-02-11 01:00:00,Delhi,POS,Credit,Food,52537.51,0
987,10085,2025-02-11 02:00:00,Mumbai,POS,Debit,Food,45174.2,0
988,10089,2025-02-11 03:00:00,Bangalore,POS,Debit,Electronics,33106.11,0
989,10043,2025-02-11 04:00:00,Bangalore,POS,Debit,Electronics,58962.54,0
990,10024,2025-02-11 05:00:00,Chennai,ATM,Debit,Travel,45482.41,0
991,10016,2025-02-11 06:00:00,Bangalore,Online,Debit,Grocery,45211.4,0
992,10012,2025-02-11 07:00:00,Mumbai,ATM,Credit,Food,93699.09,0
993,10083,2025-02-11 08:00:00,Mumbai,POS,Credit,Travel,98404.75,0
994,10024,2025-02-11 09:00:00,Bangalore,ATM,Credit,Fashion,79668.79,0
995,10067,2025-02-11 10:00:00,Mumbai,Online,Credit,Fashion,75700.13,1
996,10009,2025-02-11 11:00:00,Chennai,ATM,Credit,Travel,68087.76,0
997,10066,2025-02-11 12:00:00,Hyderabad,Online,Debit,Food,16690.88,0
998,10017,2025-02-11 13:00:00,Chennai,ATM,Debit,Travel,6004.67,0
999,10099,2025-02-11 14:00:00,Chennai,Online,Debit,Food,69103.56,1
1000,10085,2025-02-11 15:00:00,Mumbai,Online,Debit,Electronics,72905.74,1
